year,km_driven,percentage_diff_sell_price,seller_type_Dealer,seller_type_Individual,owner_1st owner,owner_2nd owner,owner_3rd owner,owner_4th owner,cluster
0.96875,0.0,0.4124055532304877,0.0,1.0,1.0,0.0,0.0,0.0,0
0.90625,0.006025123628715967,0.20351301743262926,0.0,1.0,1.0,0.0,0.0,0.0,0
0.9375,0.013243903825385095,0.00525345048189917,0.0,1.0,1.0,0.0,0.0,0.0,0
0.84375,0.025748877394418234,0.11452692362365016,0.0,1.0,1.0,0.0,0.0,0.0,0
0.71875,0.02347524583641221,0.3219796397651922,0.0,1.0,0.0,1.0,0.0,0.0,1
0.6875,0.06781106121752971,0.27744841516325774,0.0,1.0,1.0,0.0,0.0,0.0,0
0.9375,0.01892798272040016,0.04375120113628365,0.0,1.0,1.0,0.0,0.0,0.0,0
0.625,0.04393792985846643,0.43609887769700034,0.0,1.0,0.0,1.0,0.0,0.0,1
0.6875,0.035980219405445345,0.27459299083216704,0.0,1.0,1.0,0.0,0.0,0.0,0
0.875,0.04734837719547547,0.07011870194019122,0.0,1.0,1.0,0.0,0.0,0.0,0
0.84375,0.035980219405445345,0.2314160072679921,0.0,1.0,1.0,0.0,0.0,0.0,0
0.875,0.01097027226737907,0.16978240815919224,0.0,1.0,0.0,1.0,0.0,0.0,1
0.9375,0.023677599045074743,0.06925098745514104,0.0,1.0,1.0,0.0,0.0,0.0,0
0.96875,0.0008833058602853408,0.01573276970448894,0.0,1.0,1.0,0.0,0.0,0.0,0
1.0,0.0015347013016540668,0.4597922021635129,0.0,1.0,1.0,0.0,0.0,0.0,0
0.75,0.06212698232251463,0.23806219854442479,0.0,1.0,1.0,0.0,0.0,0.0,0
0.5625,0.030296140510430284,0.29828631529867966,0.0,1.0,1.0,0.0,0.0,0.0,0
0.6875,0.05075882453248451,0.2753738116151485,0.0,1.0,0.0,1.0,0.0,0.0,1
0.9375,0.025748877394418234,0.00525345048189917,0.0,1.0,1.0,0.0,0.0,0.0,0
0.9375,0.04393792985846643,0.0397795848748231,0.0,1.0,1.0,0.0,0.0,0.0,0
0.625,0.06781106121752971,0.34567296423170485,0.0,1.0,1.0,0.0,0.0,0.0,0
0.875,0.019439549820951512,0.17261635808511533,0.0,1.0,1.0,0.0,0.0,0.0,0
0.78125,0.023129653839595293,0.16929802387133294,0.0,1.0,0.0,1.0,0.0,0.0,1
0.96875,0.0018757460353549707,0.43609887769700034,0.0,1.0,1.0,0.0,0.0,0.0,0
0.875,0.022338430057409195,0.10439233516582401,0.0,1.0,1.0,0.0,0.0,0.0,0
0.75,0.03939066674245438,0.23116560867139263,0.0,1.0,1.0,0.0,0.0,0.0,0
0.9375,0.016893082475984766,0.0376597461670411,0.0,1.0,1.0,0.0,0.0,0.0,0
0.90625,0.026885693173421245,0.022378462979806245,0.0,1.0,1.0,0.0,0.0,0.0,0
0.78125,0.03939066674245438,0.2200322521576327,0.0,1.0,0.0,0.0,1.0,0.0,1
0.65625,0.01097027226737907,0.31724097487188974,0.0,1.0,1.0,0.0,0.0,0.0,0
0.90625,0.0024441539248564767,0.04460394623450347,0.0,1.0,1.0,0.0,0.0,0.0,0
0.78125,0.0848632979025749,0.2173539413344703,0.0,1.0,1.0,0.0,0.0,0.0,0
0.875,0.05644290342749957,0.1880012410688054,0.0,1.0,0.0,1.0,0.0,0.0,1
0.9375,0.030296140510430284,0.1087397195665789,0.0,1.0,1.0,0.0,0.0,0.0,0
0.96875,0.01097027226737907,0.05303175981607891,0.0,1.0,1.0,0.0,0.0,0.0,0
0.9375,0.006993690672426533,0.01763738516567515,0.0,1.0,1.0,0.0,0.0,0.0,0
0.9375,0.02347524583641221,0.11226739921572877,0.0,1.0,1.0,0.0,0.0,0.0,0
0.875,0.017791166941397145,0.1695243061067419,0.0,1.0,1.0,0.0,0.0,0.0,0
0.71875,0.04734837719547547,0.27459299083216704,0.0,1.0,1.0,0.0,0.0,0.0,0
0.84375,0.014380719604388107,0.009619037299773646,0.0,1.0,0.0,0.0,1.0,0.0,1
0.90625,0.014153356448587505,0.1754723085653618,0.0,1.0,1.0,0.0,0.0,0.0,0
0.9375,0.022338430057409195,0.12384579050239662,0.0,1.0,1.0,0.0,0.0,0.0,0
0.90625,0.0048314670607628035,0.4124055532304877,0.0,1.0,1.0,0.0,0.0,0.0,0
0.75,0.09168419257659297,0.2111037328699785,0.0,1.0,1.0,0.0,0.0,0.0,0
0.9375,0.008696640709373045,0.004697274779912619,0.0,1.0,1.0,0.0,0.0,0.0,0
0.875,0.06212698232251463,0.23807873800552218,0.0,1.0,1.0,0.0,0.0,0.0,0
0.71875,0.06440061388052067,0.24343581978571693,0.0,1.0,1.0,0.0,0.0,0.0,0
0.65625,0.02915932473142727,0.25789271160559935,0.0,1.0,0.0,1.0,0.0,0.0,1
0.9375,0.014380719604388107,0.0010325900891800263,0.0,1.0,1.0,0.0,0.0,0.0,0
0.75,0.03256977206843631,0.2314160072679921,0.0,1.0,0.0,1.0,0.0,0.0,1
0.6875,0.04848519297447848,0.17362613208028024,0.0,1.0,1.0,0.0,0.0,0.0,0
0.84375,0.045074745637469445,0.2464260730305529,0.0,1.0,1.0,0.0,0.0,0.0,0
0.6875,0.045074745637469445,0.009619037299773646,0.0,1.0,0.0,1.0,0.0,0.0,1
0.84375,0.026885693173421245,0.12440342935965597,0.0,1.0,0.0,1.0,0.0,0.0,1
0.96875,0.003012561814357983,0.07414389087959834,0.0,1.0,1.0,0.0,0.0,0.0,0
0.5625,0.0848632979025749,0.29828631529867966,0.0,1.0,1.0,0.0,0.0,0.0,0
0.6875,0.04734837719547547,0.29828631529867966,0.0,1.0,1.0,0.0,0.0,0.0,0
0.8125,0.014380719604388107,0.009619037299773646,0.0,1.0,1.0,0.0,0.0,0.0,0
0.78125,0.06212698232251463,0.23568685900070696,0.0,1.0,1.0,0.0,0.0,0.0,0
0.71875,0.025748877394418234,0.21772901211253684,0.0,1.0,1.0,0.0,0.0,0.0,0
0.84375,0.026885693173421245,0.1361774777175569,0.0,1.0,0.0,1.0,0.0,0.0,1
0.8125,0.09054737679758995,0.1573833854443429,0.0,1.0,1.0,0.0,0.0,0.0,0
0.84375,0.04393792985846643,0.18775914382242592,0.0,1.0,1.0,0.0,0.0,0.0,0
0.875,0.022338430057409195,0.16257657599021333,0.0,1.0,1.0,0.0,0.0,0.0,0
0.875,0.03370658784743932,0.1094464577401047,0.0,1.0,1.0,0.0,0.0,0.0,0
0.78125,0.02347524583641221,0.01396642170052851,0.0,1.0,1.0,0.0,0.0,0.0,0
0.8125,0.04621156141647246,0.17785862501555283,0.0,1.0,1.0,0.0,0.0,0.0,0
0.8125,0.008696640709373045,0.13387869929063367,0.0,1.0,1.0,0.0,0.0,0.0,0
0.625,0.05644290342749957,0.009619037299773646,0.0,1.0,1.0,0.0,0.0,0.0,0
0.75,0.008867163076223497,0.2508996663656545,0.0,1.0,1.0,0.0,0.0,0.0,0
0.90625,0.001799579378161769,0.06497220305263701,0.0,1.0,1.0,0.0,0.0,0.0,0
0.78125,0.0629795941567669,0.2508996663656545,0.0,1.0,1.0,0.0,0.0,0.0,0
0.84375,0.017627465469220713,0.12250649918300957,0.0,1.0,1.0,0.0,0.0,0.0,0
0.78125,0.030296140510430284,0.2769623232788183,0.0,1.0,1.0,0.0,0.0,0.0,0
0.96875,0.003808332859660092,0.0024773448142892977,0.0,1.0,1.0,0.0,0.0,0.0,0
0.9375,0.024541579037117033,0.033312361766286235,0.0,1.0,1.0,0.0,0.0,0.0,0
0.6875,0.054169271869493545,0.17981969296611666,0.0,1.0,1.0,0.0,0.0,0.0,0
0.65625,0.017791166941397145,0.3812129509314737,0.0,1.0,0.0,1.0,0.0,0.0,1
0.625,0.06099016654351162,0.29828631529867966,0.0,1.0,1.0,0.0,0.0,0.0,0
0.8125,0.03939066674245438,0.2508996663656545,0.0,1.0,0.0,1.0,0.0,0.0,1
0.9375,0.016654351162394134,0.34132557983094997,0.0,1.0,1.0,0.0,0.0,0.0,0
0.8125,0.035980219405445345,0.13624491531187533,0.0,1.0,1.0,0.0,0.0,0.0,0
0.96875,0.003580969703859489,0.03212065810777942,0.0,1.0,1.0,0.0,0.0,0.0,0
0.78125,0.009833456488376057,0.1845787335179345,0.0,1.0,1.0,0.0,0.0,0.0,0
0.84375,0.04280111407946342,0.18165780910697404,0.0,1.0,1.0,0.0,0.0,0.0,0
0.65625,0.05644290342749957,0.29828631529867966,0.0,1.0,1.0,0.0,0.0,0.0,0
0.84375,0.022338430057409195,0.17210968143053756,0.0,1.0,0.0,1.0,0.0,0.0,1
0.9375,0.02461206161541522,0.022779634290513873,0.0,1.0,1.0,0.0,0.0,0.0,0
0.90625,0.010324560904905359,0.1841208729081596,0.0,1.0,1.0,0.0,0.0,0.0,0
0.8125,0.07917921900755982,0.29828631529867966,0.0,1.0,1.0,0.0,0.0,0.0,0
0.6875,0.04848519297447848,0.2595050872348429,0.0,1.0,0.0,1.0,0.0,0.0,1
0.75,0.5680100039788551,0.22613139381907973,0.0,1.0,1.0,0.0,0.0,0.0,0
0.875,0.03429091115784687,0.13281073603030494,0.0,1.0,1.0,0.0,0.0,0.0,0
0.6875,0.14738816574774058,0.2402669866788152,0.0,1.0,1.0,0.0,0.0,0.0,0
0.84375,0.05075882453248451,0.15612636849960407,0.0,1.0,1.0,0.0,0.0,0.0,0
0.9375,0.02802250895242426,0.06338702707536076,0.0,1.0,1.0,0.0,0.0,0.0,0
0.96875,0.0024441539248564767,0.0508309275627218,0.0,1.0,1.0,0.0,0.0,0.0,0
0.84375,0.025487409765247538,0.21772901211253684,0.0,1.0,1.0,0.0,0.0,0.0,0
0.84375,0.03370658784743932,0.27459299083216704,0.0,1.0,1.0,0.0,0.0,0.0,0
0.75,0.03939066674245438,0.17363585715250227,0.0,1.0,0.0,1.0,0.0,0.0,1
0.96875,0.006798158358438015,0.34132557983094997,0.0,1.0,1.0,0.0,0.0,0.0,0
1.0,0.00017052236685045186,0.4124055532304877,0.0,1.0,1.0,0.0,0.0,0.0,0
0.78125,0.048939919286079686,0.22720634189914188,0.0,1.0,1.0,0.0,0.0,0.0,0
0.9375,0.0075643721934860455,0.01396642170052851,0.0,1.0,1.0,0.0,0.0,0.0,0
0.90625,0.018359574830898652,0.07218003369532718,0.0,1.0,1.0,0.0,0.0,0.0,0
0.9375,0.013812311714886602,0.0376597461670411,0.0,1.0,1.0,0.0,0.0,0.0,0
0.9375,0.010515545955777864,0.033312361766286235,0.0,1.0,1.0,0.0,0.0,0.0,0
0.875,0.03939066674245438,0.15000060539550358,0.0,1.0,1.0,0.0,0.0,0.0,0
0.96875,0.012107088046382082,0.22720634189914188,0.0,1.0,1.0,0.0,0.0,0.0,0
0.84375,0.022338430057409195,0.16877759770338044,0.0,1.0,1.0,0.0,0.0,0.0,0
0.9375,0.014380719604388107,0.22720634189914188,0.0,1.0,1.0,0.0,0.0,0.0,0
0.96875,0.003580969703859489,0.0613530706335537,0.0,1.0,1.0,0.0,0.0,0.0,0
0.90625,0.009833456488376057,0.0397795848748231,0.0,1.0,1.0,0.0,0.0,0.0,0
0.625,0.00812823281987154,0.27459299083216704,0.0,1.0,1.0,0.0,0.0,0.0,0
0.78125,0.04280111407946342,0.29193483585883273,0.0,1.0,1.0,0.0,0.0,0.0,0
0.5,0.13602000795771046,0.3812129509314737,0.0,1.0,1.0,0.0,0.0,0.0,0
0.9375,0.006951628488603422,0.028029621901542255,0.0,1.0,1.0,0.0,0.0,0.0,0
0.9375,0.020977661569942588,0.0376597461670411,0.0,1.0,1.0,0.0,0.0,0.0,0
0.6875,0.022338430057409195,0.33145696955179726,0.0,1.0,1.0,0.0,0.0,0.0,0
0.78125,0.026885693173421245,0.27952985820766624,0.0,1.0,1.0,0.0,0.0,0.0,0
0.8125,0.02461206161541522,0.019178953083161282,0.0,1.0,0.0,1.0,0.0,0.0,1
0.9375,0.007559824930370033,0.04733540954208237,0.0,1.0,1.0,0.0,0.0,0.0,0
0.9375,0.006536690729267322,0.03685010940982561,0.0,1.0,1.0,0.0,0.0,0.0,0
0.90625,0.01551753538339112,0.15488873523882823,0.0,1.0,1.0,0.0,0.0,0.0,0
0.90625,0.025748877394418234,0.17981969296611666,0.0,1.0,1.0,0.0,0.0,0.0,0
0.75,0.09623145569260501,0.22225149319047272,0.0,1.0,1.0,0.0,0.0,0.0,0
0.6875,0.045074745637469445,0.29828631529867966,0.0,1.0,1.0,0.0,0.0,0.0,0
0.90625,0.02006479849940317,0.1754723085653618,0.0,1.0,1.0,0.0,0.0,0.0,0
0.96875,0.01097027226737907,0.018462931723375094,0.0,1.0,1.0,0.0,0.0,0.0,0
0.875,0.045074745637469445,0.15765747523033016,0.0,1.0,1.0,0.0,0.0,0.0,0
0.96875,0.0013073381458534644,1.0,0.0,1.0,1.0,0.0,0.0,0.0,0
0.84375,0.03370658784743932,0.04112678452018031,0.0,1.0,1.0,0.0,0.0,0.0,0
0.84375,0.003012561814357983,0.11142787921948703,0.0,1.0,1.0,0.0,0.0,0.0,0
0.625,0.06212698232251463,0.3432083015786704,0.0,1.0,1.0,0.0,0.0,0.0,0
0.78125,0.013243903825385095,0.17214796676014646,0.0,1.0,0.0,1.0,0.0,0.0,1
0.59375,0.10191553458762008,0.3219796397651922,0.0,1.0,1.0,0.0,0.0,0.0,0
1.0,0.00017052236685045186,0.09163608510869878,0.0,1.0,1.0,0.0,0.0,0.0,0
0.84375,0.05644290342749957,0.14867943360968577,0.0,1.0,1.0,0.0,0.0,0.0,0
0.875,0.02802250895242426,0.15773612521099828,0.0,1.0,1.0,0.0,0.0,0.0,0
0.78125,0.0410958904109589,0.07556906531346125,0.0,1.0,1.0,0.0,0.0,0.0,0
0.78125,0.02915932473142727,0.24857715068629918,0.0,1.0,1.0,0.0,0.0,0.0,0
0.90625,0.02006479849940317,0.11226739921572877,0.0,1.0,1.0,0.0,0.0,0.0,0
0.78125,0.05530608764849656,0.01396642170052851,0.0,1.0,1.0,0.0,0.0,0.0,0
0.78125,0.02006479849940317,0.15008869975866876,0.0,1.0,1.0,0.0,0.0,0.0,0
0.90625,0.016654351162394134,0.23707495217829452,0.0,1.0,1.0,0.0,0.0,0.0,0
0.9375,0.009265048598874552,0.2939389308979248,0.0,1.0,1.0,0.0,0.0,0.0,0
0.90625,0.0038935940430853172,0.43609887769700034,0.0,1.0,1.0,0.0,0.0,0.0,0
0.84375,0.016085943272892627,0.05700568623279883,0.0,1.0,1.0,0.0,0.0,0.0,0
0.6875,0.03939066674245438,0.31057768757982496,0.0,1.0,1.0,0.0,0.0,0.0,0
0.90625,0.01551753538339112,0.38871222876397515,0.0,1.0,1.0,0.0,0.0,0.0,0
0.875,0.017791166941397145,0.11990309049475102,0.0,1.0,1.0,0.0,0.0,0.0,0
0.875,0.007559824930370033,0.16599497877875677,0.0,1.0,1.0,0.0,0.0,0.0,0
0.90625,0.004149377593360996,0.13243304403309147,0.0,1.0,1.0,0.0,0.0,0.0,0
0.90625,0.05075882453248451,0.05700568623279883,0.0,1.0,1.0,0.0,0.0,0.0,0
0.8125,0.1121468765986472,0.29971718590162355,0.0,1.0,1.0,0.0,0.0,0.0,0
0.8125,0.058716534985505595,0.16799717120534818,0.0,1.0,1.0,0.0,0.0,0.0,0
0.78125,0.05075882453248451,0.2226377656442538,0.0,1.0,1.0,0.0,0.0,0.0,0
0.59375,0.058716534985505595,0.17981969296611666,0.0,1.0,1.0,0.0,0.0,0.0,0
0.90625,0.030296140510430284,0.08008213505104606,0.0,1.0,1.0,0.0,0.0,0.0,0
0.9375,0.06781106121752971,0.21299034721923432,0.0,1.0,1.0,0.0,0.0,0.0,0
0.84375,0.0022167907690558743,0.22720634189914188,0.0,1.0,1.0,0.0,0.0,0.0,0
0.75,0.016654351162394134,0.18703766834063232,0.0,1.0,1.0,0.0,0.0,0.0,0
0.875,0.05644290342749957,0.27459299083216704,0.0,1.0,1.0,0.0,0.0,0.0,0
0.90625,0.030296140510430284,0.1991656330318744,0.0,1.0,1.0,0.0,0.0,0.0,0
0.875,0.02802250895242426,0.1898189217116331,0.0,1.0,0.0,1.0,0.0,0.0,1
0.90625,0.045074745637469445,0.265115661045562,0.0,1.0,1.0,0.0,0.0,0.0,0
0.6875,0.035980219405445345,0.3077636450852847,0.0,1.0,1.0,0.0,0.0,0.0,0
0.6875,0.05644290342749957,0.2876885860034583,0.0,1.0,0.0,1.0,0.0,0.0,1
0.90625,0.040527482521457395,0.1754723085653618,0.0,1.0,1.0,0.0,0.0,0.0,0
0.875,0.019439549820951512,0.2007859634173608,0.0,1.0,1.0,0.0,0.0,0.0,0
0.71875,0.035980219405445345,0.3081132904529212,0.0,1.0,1.0,0.0,0.0,0.0,0
0.84375,0.04280111407946342,0.20829887789170337,0.0,1.0,1.0,0.0,0.0,0.0,0
0.8125,0.08031603478656284,0.22484937109947048,0.0,1.0,0.0,1.0,0.0,0.0,1
0.96875,0.008696640709373045,0.0376597461670411,0.0,1.0,1.0,0.0,0.0,0.0,0
0.6875,0.013243903825385095,0.34567296423170485,0.0,1.0,1.0,0.0,0.0,0.0,0
0.78125,0.05644290342749957,0.15734033834219993,0.0,1.0,0.0,1.0,0.0,0.0,1
0.75,0.03370658784743932,0.25839166469645997,0.0,1.0,0.0,1.0,0.0,0.0,1
0.78125,0.017663843574148807,0.16847204407384223,0.0,1.0,1.0,0.0,0.0,0.0,0
0.78125,0.02915932473142727,0.19519800143655183,0.0,1.0,1.0,0.0,0.0,0.0,0
0.9375,0.005968282839765816,0.38871222876397515,0.0,1.0,1.0,0.0,0.0,0.0,0
0.8125,0.04621156141647246,0.2094564656096639,0.0,1.0,1.0,0.0,0.0,0.0,0
0.59375,0.021897345535156026,0.13243304403309147,0.0,1.0,0.0,1.0,0.0,0.0,1
0.75,0.01892798272040016,0.22246767700583936,0.0,1.0,1.0,0.0,0.0,0.0,0
0.75,0.03791280622975047,0.2508996663656545,0.0,1.0,1.0,0.0,0.0,0.0,0
0.84375,0.11328369237765021,0.02221385319261114,0.0,1.0,1.0,0.0,0.0,0.0,0
0.875,0.006423009151367021,0.05037050066359621,0.0,1.0,1.0,0.0,0.0,0.0,0
0.71875,0.02347524583641221,0.24142707524394272,0.0,1.0,1.0,0.0,0.0,0.0,0
0.59375,0.09054737679758995,0.2941785442102889,0.0,1.0,1.0,0.0,0.0,0.0,0
0.875,0.016654351162394134,0.13243304403309147,0.0,1.0,1.0,0.0,0.0,0.0,0
0.59375,0.05189564031148752,0.13624491531187533,0.0,1.0,1.0,0.0,0.0,0.0,0
0.78125,0.012107088046382082,0.18907957970051653,0.0,1.0,1.0,0.0,0.0,0.0,0
0.59375,0.08145285056556585,0.3598889589116124,0.0,1.0,1.0,0.0,0.0,0.0,0
0.84375,0.05644290342749957,0.14514084060210442,0.0,1.0,1.0,0.0,0.0,0.0,0
0.6875,0.05644290342749957,0.25091576001397964,0.0,1.0,1.0,0.0,0.0,0.0,0
0.71875,0.0757687716705508,0.2737787342081636,0.0,1.0,1.0,0.0,0.0,0.0,0
0.375,0.03370658784743932,0.3693662886982174,0.0,1.0,1.0,0.0,0.0,0.0,0
0.84375,0.054169271869493545,0.15138770360630155,0.0,1.0,1.0,0.0,0.0,0.0,0
0.84375,0.054169271869493545,0.1419103738196965,0.0,1.0,1.0,0.0,0.0,0.0,0
0.9375,0.008696640709373045,0.004489091913923471,0.0,1.0,1.0,0.0,0.0,0.0,0
0.84375,0.017222759051895638,0.14123799943123555,0.0,1.0,1.0,0.0,0.0,0.0,0
0.75,0.05075882453248451,0.2451487868419074,0.0,1.0,1.0,0.0,0.0,0.0,0
0.8125,0.06878303870857727,0.15653732035394222,0.0,1.0,0.0,1.0,0.0,0.0,1
0.90625,0.042475984766668556,0.055372753073446725,0.0,1.0,0.0,0.0,1.0,0.0,1
0.625,0.06781106121752971,0.26966366552609816,0.0,1.0,0.0,1.0,0.0,0.0,1
0.90625,0.02915932473142727,0.14585725456074275,0.0,1.0,1.0,0.0,0.0,0.0,0
0.96875,0.006423009151367021,0.13243304403309147,0.0,1.0,1.0,0.0,0.0,0.0,0
0.78125,0.03370658784743932,0.22455203826559297,0.0,1.0,1.0,0.0,0.0,0.0,0
0.9375,0.01892798272040016,0.22720634189914188,0.0,1.0,1.0,0.0,0.0,0.0,0
0.84375,0.03893707724663218,0.09514651589262829,0.0,1.0,1.0,0.0,0.0,0.0,0
0.84375,0.054169271869493545,0.21304386485938895,0.0,1.0,1.0,0.0,0.0,0.0,0
0.78125,0.06781106121752971,0.19636457330323112,0.0,1.0,1.0,0.0,0.0,0.0,0
0.75,0.049622008753481495,0.29828631529867966,0.0,1.0,1.0,0.0,0.0,0.0,0
0.5625,0.06212698232251463,0.34567296423170485,0.0,1.0,1.0,0.0,0.0,0.0,0
0.9375,0.017791166941397145,0.01696479009636277,0.0,1.0,1.0,0.0,0.0,0.0,0
0.875,0.022338430057409195,0.14873261317324757,0.0,1.0,0.0,1.0,0.0,0.0,1
0.84375,0.019496390609901663,0.11918252971780803,0.0,1.0,0.0,1.0,0.0,0.0,1
0.90625,0.05189564031148752,0.1087397195665789,0.0,1.0,1.0,0.0,0.0,0.0,0
0.71875,0.03370658784743932,0.22353632796855585,0.0,1.0,1.0,0.0,0.0,0.0,0
0.96875,0.006991417040868527,0.08504639510006629,0.0,1.0,1.0,0.0,0.0,0.0,0
0.5625,0.09054737679758995,0.34567296423170485,0.0,1.0,1.0,0.0,0.0,0.0,0
0.90625,0.01097027226737907,0.018054930739899583,0.0,1.0,0.0,1.0,0.0,0.0,1
0.90625,0.002103109191155573,0.2702456064314122,0.0,1.0,1.0,0.0,0.0,0.0,0
0.625,0.045074745637469445,0.2843694159432065,0.0,1.0,1.0,0.0,0.0,0.0,0
0.875,0.02347524583641221,0.11588425709443895,0.0,1.0,1.0,0.0,0.0,0.0,0
0.59375,0.003580969703859489,0.009619037299773646,0.0,1.0,1.0,0.0,0.0,0.0,0
0.4375,0.07484908770533735,0.37410495359151996,0.0,1.0,0.0,1.0,0.0,0.0,1
0.8125,0.05644290342749957,0.15349679428005736,0.0,1.0,1.0,0.0,0.0,0.0,0
0.84375,0.036889672028647756,0.1939126342209902,0.0,1.0,1.0,0.0,0.0,0.0,0
0.875,0.035980219405445345,0.15765747523033016,0.0,1.0,1.0,0.0,0.0,0.0,0
0.96875,0.004035696015460694,0.01864301540024349,0.0,1.0,1.0,0.0,0.0,0.0,0
0.8125,0.01097027226737907,0.12653787680103246,0.0,1.0,1.0,0.0,0.0,0.0,0
0.9375,0.010515545955777864,0.033312361766286235,0.0,1.0,1.0,0.0,0.0,0.0,0
0.6875,0.052784630250667874,0.27459299083216704,0.0,1.0,1.0,0.0,0.0,0.0,0
0.96875,0.008696640709373045,0.0012532237508309947,0.0,1.0,1.0,0.0,0.0,0.0,0
0.90625,0.012107088046382082,0.10474839360523182,0.0,1.0,1.0,0.0,0.0,0.0,0
0.8125,0.05757971920650258,0.27260226310700536,0.0,1.0,0.0,1.0,0.0,0.0,1
0.78125,0.05075882453248451,0.2572333835710653,0.0,1.0,1.0,0.0,0.0,0.0,0
0.625,0.07463195589154778,0.3181554318424034,0.0,1.0,1.0,0.0,0.0,0.0,0
0.6875,0.05644290342749957,0.3361956344450998,0.0,1.0,0.0,1.0,0.0,0.0,1
0.90625,0.026317285283919738,0.1754723085653618,0.0,1.0,1.0,0.0,0.0,0.0,0
0.84375,0.02802250895242426,0.3219796397651922,0.0,1.0,1.0,0.0,0.0,0.0,0
0.90625,0.04621156141647246,0.0506511630468352,0.0,1.0,1.0,0.0,0.0,0.0,0
0.90625,0.013243903825385095,0.5782588244960759,0.0,1.0,1.0,0.0,0.0,0.0,0
0.9375,0.03711703518444836,0.08504639510006629,0.0,1.0,1.0,0.0,0.0,0.0,0
0.90625,0.016654351162394134,0.11892737824264109,0.0,1.0,1.0,0.0,0.0,0.0,0
0.625,0.05644290342749957,0.3693662886982174,0.0,1.0,1.0,0.0,0.0,0.0,0
0.6875,0.045074745637469445,0.2508996663656545,0.0,1.0,1.0,0.0,0.0,0.0,0
0.53125,0.05644290342749957,0.3693662886982174,0.0,1.0,1.0,0.0,0.0,0.0,0
0.84375,0.022338430057409195,0.09616162629889925,0.0,1.0,1.0,0.0,0.0,0.0,0
0.65625,0.05644290342749957,0.3108461202808137,0.0,1.0,1.0,0.0,0.0,0.0,0
0.90625,0.06212698232251463,0.2193638154658951,0.0,1.0,1.0,0.0,0.0,0.0,0
0.875,0.07957710453021088,0.24343581978571693,0.0,1.0,1.0,0.0,0.0,0.0,0
0.96875,0.002671517080657079,0.048243656133044786,0.0,1.0,1.0,0.0,0.0,0.0,0
0.875,0.022338430057409195,0.17981969296611666,0.0,1.0,1.0,0.0,0.0,0.0,0
0.71875,0.022338430057409195,0.27459299083216704,0.0,1.0,1.0,0.0,0.0,0.0,0
0.8125,0.0465651111237424,0.10993137138178402,0.0,1.0,1.0,0.0,0.0,0.0,0
0.53125,0.07349514011254477,0.34567296423170485,0.0,1.0,1.0,0.0,0.0,0.0,0
0.8125,0.03825385096345137,0.34567296423170485,0.0,1.0,0.0,1.0,0.0,0.0,1
0.71875,0.022338430057409195,0.29828631529867966,0.0,1.0,1.0,0.0,0.0,0.0,0
0.96875,0.012107088046382082,0.1608650333929066,0.0,1.0,1.0,0.0,0.0,0.0,0
0.59375,0.0848632979025749,0.29828631529867966,0.0,1.0,1.0,0.0,0.0,0.0,0
0.96875,0.0009662934121525606,0.8151920691612019,0.0,1.0,1.0,0.0,0.0,0.0,0
0.8125,0.021201614278406184,0.20759129148177688,0.0,1.0,1.0,0.0,0.0,0.0,0
0.59375,0.03370658784743932,0.34567296423170485,0.0,1.0,1.0,0.0,0.0,0.0,0
0.5625,0.025748877394418234,0.3219796397651922,0.0,1.0,1.0,0.0,0.0,0.0,0
0.8125,0.01097027226737907,0.15693067708745267,0.0,1.0,1.0,0.0,0.0,0.0,0
0.875,0.045074745637469445,0.1773243454778294,0.0,1.0,1.0,0.0,0.0,0.0,0
0.96875,0.009378730176774852,0.06779834848899792,0.0,1.0,1.0,0.0,0.0,0.0,0
0.875,0.05075882453248451,0.168605605341158,0.0,1.0,1.0,0.0,0.0,0.0,0
0.875,0.007787188086170636,0.06925098745514104,0.0,1.0,1.0,0.0,0.0,0.0,0
0.6875,0.03506508270334792,0.3219796397651922,0.0,1.0,1.0,0.0,0.0,0.0,0
0.90625,0.02006479849940317,0.02404170638412843,0.0,1.0,1.0,0.0,0.0,0.0,0
0.96875,0.0007389302563519582,0.04752835644619379,0.0,1.0,1.0,0.0,0.0,0.0,0
0.625,0.01892798272040016,0.0613530706335537,0.0,1.0,0.0,1.0,0.0,0.0,1
0.875,0.05189564031148752,0.10669337387640891,0.0,1.0,1.0,0.0,0.0,0.0,0
0.8125,0.0878099244017507,0.1923465197757488,0.0,1.0,1.0,0.0,0.0,0.0,0
0.78125,0.06099016654351162,0.003901230381597859,0.0,1.0,1.0,0.0,0.0,0.0,0
0.78125,0.01892798272040016,0.13624491531187533,0.0,1.0,1.0,0.0,0.0,0.0,0
0.8125,0.06781106121752971,0.13243304403309147,0.0,1.0,1.0,0.0,0.0,0.0,0
0.875,0.045074745637469445,0.17981969296611666,0.0,1.0,1.0,0.0,0.0,0.0,0
0.8125,0.02802250895242426,0.2508996663656545,0.0,1.0,1.0,0.0,0.0,0.0,0
0.9375,0.021201614278406184,0.34132557983094997,0.0,1.0,1.0,0.0,0.0,0.0,0
0.84375,0.045074745637469445,0.20586951337987258,0.0,1.0,0.0,1.0,0.0,0.0,1
0.6875,0.05757971920650258,0.21772901211253684,0.0,1.0,1.0,0.0,0.0,0.0,0
0.96875,0.00824191439777184,0.5308721755630508,0.0,1.0,1.0,0.0,0.0,0.0,0
0.8125,0.016614562610129027,0.22720634189914188,0.0,1.0,1.0,0.0,0.0,0.0,0
0.84375,0.02802250895242426,0.11812308755344925,0.0,1.0,0.0,1.0,0.0,0.0,1
0.96875,0.006423009151367021,0.5071788510965382,0.0,1.0,1.0,0.0,0.0,0.0,0
0.96875,0.002307736031376115,0.8625787180942271,0.0,1.0,1.0,0.0,0.0,0.0,0
0.90625,0.015062809071789914,0.12102185264819114,0.0,1.0,0.0,1.0,0.0,0.0,1
0.9375,0.01097027226737907,0.01396642170052851,0.0,1.0,1.0,0.0,0.0,0.0,0
0.6875,0.02347524583641221,0.2528797476121082,0.0,1.0,0.0,1.0,0.0,0.0,1
0.9375,0.01097027226737907,0.07423450873431689,0.0,1.0,1.0,0.0,0.0,0.0,0
0.8125,0.02074688796680498,0.2103479880200104,0.0,1.0,0.0,1.0,0.0,0.0,1
0.9375,0.008412436764622291,0.01396642170052851,0.0,1.0,1.0,0.0,0.0,0.0,0
0.96875,0.0027851986585573805,0.004368979989305748,0.0,1.0,1.0,0.0,0.0,0.0,0
0.84375,0.03370658784743932,0.05700568623279883,0.0,1.0,1.0,0.0,0.0,0.0,0
0.84375,0.010742909111578467,0.033312361766286235,0.0,1.0,1.0,0.0,0.0,0.0,0
0.84375,0.02802250895242426,0.1202207557775217,0.0,1.0,1.0,0.0,0.0,0.0,0
0.875,0.033353038140169385,0.20947656771051265,0.0,1.0,1.0,0.0,0.0,0.0,0
0.8125,0.04848519297447848,0.15428456444199076,0.0,1.0,1.0,0.0,0.0,0.0,0
0.8125,0.03170920252373103,0.20697490428318271,0.0,1.0,0.0,1.0,0.0,0.0,1
0.84375,0.02802250895242426,0.124036533958441,0.0,1.0,1.0,0.0,0.0,0.0,0
0.90625,0.024953106349116124,0.20351301743262926,0.0,1.0,1.0,0.0,0.0,0.0,0
0.65625,0.03779344057295515,0.24678185320536447,0.0,1.0,0.0,1.0,0.0,0.0,1
0.9375,0.00586028534076053,0.24655228196489956,0.0,1.0,1.0,0.0,0.0,0.0,0
0.375,0.005286193372364008,0.08504639510006629,0.0,1.0,0.0,0.0,1.0,0.0,1
0.59375,0.03370658784743932,0.34567296423170485,0.0,1.0,1.0,0.0,0.0,0.0,0
0.96875,0.017791166941397145,0.1087397195665789,0.0,1.0,1.0,0.0,0.0,0.0,0
0.9375,0.02461206161541522,0.11260420584705287,0.0,1.0,1.0,0.0,0.0,0.0,0
0.75,0.045074745637469445,0.1419103738196965,0.0,1.0,1.0,0.0,0.0,0.0,0
0.8125,0.006991417040868527,0.15917565819260068,0.0,1.0,0.0,0.0,0.0,1.0,1
0.78125,0.016654351162394134,0.216840086813102,0.0,1.0,1.0,0.0,0.0,0.0,0
0.9375,0.019342920479736257,0.350802909617555,0.0,1.0,1.0,0.0,0.0,0.0,0
0.65625,0.045074745637469445,0.2840703206187721,0.0,1.0,1.0,0.0,0.0,0.0,0
0.96875,0.005854601261865515,0.9336586914937648,0.0,1.0,1.0,0.0,0.0,0.0,0
0.90625,0.03814016938555107,0.1754723085653618,0.0,1.0,1.0,0.0,0.0,0.0,0
0.53125,0.053794122662422554,0.34567296423170485,0.0,1.0,1.0,0.0,0.0,0.0,0
0.78125,0.05075882453248451,0.17214310064577976,0.0,1.0,1.0,0.0,0.0,0.0,0
0.96875,0.005286193372364008,0.5308721755630508,0.0,1.0,1.0,0.0,0.0,0.0,0
0.96875,0.0060819644176661174,0.34132557983094997,0.0,1.0,1.0,0.0,0.0,0.0,0
0.75,0.025596544080031827,0.27459299083216704,0.0,1.0,1.0,0.0,0.0,0.0,0
0.96875,0.01097027226737907,0.07377900181378105,0.0,1.0,1.0,0.0,0.0,0.0,0
0.875,0.03484340362644233,0.08504639510006629,0.0,1.0,1.0,0.0,0.0,0.0,0
0.96875,0.0014210197237537656,0.08670541862722828,0.0,1.0,1.0,0.0,0.0,0.0,0
0.71875,0.049622008753481495,0.25789271160559935,0.0,1.0,1.0,0.0,0.0,0.0,0
0.6875,0.07917921900755982,0.25789271160559935,0.0,1.0,1.0,0.0,0.0,0.0,0
0.90625,0.02347524583641221,0.21772901211253684,0.0,1.0,1.0,0.0,0.0,0.0,0
0.9375,0.019342920479736257,0.34132557983094997,0.0,1.0,1.0,0.0,0.0,0.0,0
0.6875,0.09054737679758995,0.2876885860034583,0.0,1.0,1.0,0.0,0.0,0.0,0
0.90625,0.016654351162394134,0.20351301743262926,0.0,1.0,1.0,0.0,0.0,0.0,0
0.6875,0.08713692946058091,0.2683289332592907,0.0,1.0,1.0,0.0,0.0,0.0,0
0.90625,0.045074745637469445,0.0935126005532274,0.0,1.0,0.0,1.0,0.0,0.0,1
0.53125,0.054169271869493545,0.3598889589116124,0.0,1.0,1.0,0.0,0.0,0.0,0
0.90625,0.02006479849940317,0.0506511630468352,0.0,1.0,1.0,0.0,0.0,0.0,0
0.9375,0.022338430057409195,0.24655228196489956,0.0,1.0,1.0,0.0,0.0,0.0,0
0.96875,0.009833456488376057,0.030963535220702228,0.0,1.0,1.0,0.0,0.0,0.0,0
0.875,0.06326379810151765,0.07260047586251504,0.0,1.0,1.0,0.0,0.0,0.0,0
0.75,0.05644290342749957,0.29828631529867966,0.0,1.0,1.0,0.0,0.0,0.0,0
0.8125,0.013243903825385095,0.009619037299773646,0.0,1.0,1.0,0.0,0.0,0.0,0
0.9375,0.01267549593588359,0.1517789840988492,0.0,1.0,1.0,0.0,0.0,0.0,0
0.84375,0.022338430057409195,0.1517789840988492,0.0,1.0,1.0,0.0,0.0,0.0,0
0.90625,0.022338430057409195,0.19735450680118524,0.0,1.0,1.0,0.0,0.0,0.0,0
0.90625,0.030296140510430284,0.2508996663656545,0.0,1.0,1.0,0.0,0.0,0.0,0
0.9375,0.0024441539248564767,0.058466229581659944,0.0,1.0,1.0,0.0,0.0,0.0,0
0.75,0.02288069118399363,0.004489091913923471,0.0,1.0,1.0,0.0,0.0,0.0,0
0.6875,0.04018643778775649,0.33145696955179726,0.0,1.0,1.0,0.0,0.0,0.0,0
0.8125,0.07917921900755982,0.16877759770338044,0.0,1.0,1.0,0.0,0.0,0.0,0
0.875,0.03256977206843631,0.15612647499916643,0.0,1.0,1.0,0.0,0.0,0.0,0
0.5,0.016085943272892627,0.34567296423170485,0.0,1.0,1.0,0.0,0.0,0.0,0
0.9375,0.04166429830046041,0.27459299083216704,0.0,1.0,1.0,0.0,0.0,0.0,0
0.9375,0.003292218495992724,0.34132557983094997,0.0,1.0,1.0,0.0,0.0,0.0,0
0.875,0.030296140510430284,0.13624491531187533,0.0,1.0,1.0,0.0,0.0,0.0,0
0.90625,0.016654351162394134,0.08678171894553897,0.0,1.0,1.0,0.0,0.0,0.0,0
0.96875,0.016654351162394134,0.20351301743262926,0.0,1.0,1.0,0.0,0.0,0.0,0
0.90625,0.0042062183823111466,0.1517789840988492,0.0,1.0,1.0,0.0,0.0,0.0,0
0.8125,0.02802250895242426,0.14379350473025307,0.0,1.0,1.0,0.0,0.0,0.0,0
0.84375,0.005286193372364008,0.15889491164520692,0.0,1.0,1.0,0.0,0.0,0.0,0
0.75,0.005286193372364008,0.27459299083216704,0.0,1.0,0.0,1.0,0.0,0.0,1
0.8125,0.01551753538339112,0.09364683657360863,0.0,1.0,1.0,0.0,0.0,0.0,0
0.78125,0.0410958904109589,0.14779025942896265,0.0,1.0,1.0,0.0,0.0,0.0,0
0.90625,0.009833456488376057,0.1517789840988492,0.0,1.0,0.0,1.0,0.0,0.0,1
0.8125,0.03734439834024896,0.20133932812839014,0.0,1.0,1.0,0.0,0.0,0.0,0
0.28125,0.733985107713295,0.3693662886982174,0.0,1.0,1.0,0.0,0.0,0.0,0
0.71875,0.02802250895242426,0.2508996663656545,0.0,1.0,1.0,0.0,0.0,0.0,0
0.90625,0.02915932473142727,0.18967535951159792,0.0,1.0,1.0,0.0,0.0,0.0,0
0.84375,0.004045927357471722,0.14922606319969714,0.0,1.0,1.0,0.0,0.0,0.0,0
0.84375,0.008323765133860057,0.11142787921948703,0.0,1.0,1.0,0.0,0.0,0.0,0
0.96875,0.003012561814357983,0.1078960480806827,0.0,1.0,1.0,0.0,0.0,0.0,0
0.875,0.0037560393338259535,0.24655228196489956,0.0,1.0,1.0,0.0,0.0,0.0,0
0.875,0.045074745637469445,0.21156285654903537,0.0,1.0,0.0,1.0,0.0,0.0,1
0.875,0.005854601261865515,0.1596318163025865,1.0,0.0,1.0,0.0,0.0,0.0,0
0.875,0.03364974705848917,0.09903248557995603,0.0,1.0,1.0,0.0,0.0,0.0,0
0.90625,0.01551753538339112,0.2702456064314122,0.0,1.0,1.0,0.0,0.0,0.0,0
0.90625,0.02927300630932757,0.031917048800523734,0.0,1.0,1.0,0.0,0.0,0.0,0
0.9375,0.006423009151367021,0.02606331711383633,0.0,1.0,1.0,0.0,0.0,0.0,0
0.90625,0.004149377593360996,0.008365138811788148,0.0,1.0,1.0,0.0,0.0,0.0,0
0.40625,0.05644290342749957,0.26477785181327873,0.0,1.0,1.0,0.0,0.0,0.0,0
0.9375,0.005826180867390439,0.033965649519052184,0.0,1.0,1.0,0.0,0.0,0.0,0
0.75,0.045074745637469445,0.25985771405242186,0.0,1.0,1.0,0.0,0.0,0.0,0
0.90625,0.022906837946910702,0.1716041507893352,0.0,1.0,1.0,0.0,0.0,0.0,0
0.90625,0.004263059171261297,0.1517789840988492,0.0,1.0,1.0,0.0,0.0,0.0,0
0.875,0.025859148524981525,0.10583838275014767,0.0,1.0,0.0,1.0,0.0,0.0,1
0.71875,0.04249872108224862,0.23049551053125697,0.0,1.0,1.0,0.0,0.0,0.0,0
0.71875,0.07349514011254477,0.1087397195665789,0.0,1.0,0.0,1.0,0.0,0.0,1
0.875,0.008696640709373045,0.16933946710307793,0.0,1.0,1.0,0.0,0.0,0.0,0
0.8125,0.014949127493889615,0.2377736906523918,0.0,1.0,1.0,0.0,0.0,0.0,0
0.9375,0.025748877394418234,0.004094371797121994,0.0,1.0,1.0,0.0,0.0,0.0,0
0.53125,0.06553742965952368,0.37884361848482245,0.0,1.0,1.0,0.0,0.0,0.0,0
0.6875,0.016654351162394134,0.01396642170052851,0.0,1.0,1.0,0.0,0.0,0.0,0
0.875,0.03256977206843631,0.02833076453185037,0.0,1.0,1.0,0.0,0.0,0.0,0
0.78125,0.022338430057409195,0.2319450067924444,0.0,1.0,1.0,0.0,0.0,0.0,0
0.90625,0.03939066674245438,0.043715762484153264,0.0,1.0,1.0,0.0,0.0,0.0,0
0.875,0.05091456829420792,0.10583838275014767,0.0,1.0,1.0,0.0,0.0,0.0,0
0.9375,0.00812823281987154,0.09140375573134334,0.0,1.0,1.0,0.0,0.0,0.0,0
0.71875,0.04007275620985619,0.2508996663656545,0.0,1.0,1.0,0.0,0.0,0.0,0
0.9375,0.016654351162394134,0.15862423437567413,0.0,1.0,1.0,0.0,0.0,0.0,0
0.75,0.007961120900358096,0.2200322521576327,0.0,1.0,1.0,0.0,0.0,0.0,0
0.90625,0.01460808276018871,0.15012756792260254,0.0,1.0,0.0,1.0,0.0,0.0,1
0.71875,0.04319899960211447,0.2889639951167053,0.0,1.0,1.0,0.0,0.0,0.0,0
0.8125,0.0227931563690104,0.1418999833492555,0.0,1.0,1.0,0.0,0.0,0.0,0
0.9375,0.016085943272892627,0.03866252547200111,0.0,1.0,1.0,0.0,0.0,0.0,0
0.875,0.021770022167907688,0.15619823872665378,0.0,1.0,1.0,0.0,0.0,0.0,0
0.625,0.022338430057409195,0.01396642170052851,0.0,1.0,1.0,0.0,0.0,0.0,0
0.8125,0.040527482521457395,0.07314268653397128,0.0,1.0,1.0,0.0,0.0,0.0,0
0.96875,0.004717785482862502,0.03524120320738264,0.0,1.0,1.0,0.0,0.0,0.0,0
0.78125,0.04280111407946342,0.17376220099647602,0.0,1.0,1.0,0.0,0.0,0.0,0
0.96875,0.009833456488376057,0.8625787180942271,0.0,1.0,1.0,0.0,0.0,0.0,0
0.5625,0.045074745637469445,0.13243304403309147,0.0,1.0,1.0,0.0,0.0,0.0,0
0.90625,0.02802250895242426,0.0951515606243882,0.0,1.0,1.0,0.0,0.0,0.0,0
0.625,0.08018984823509351,0.2840703206187721,0.0,1.0,1.0,0.0,0.0,0.0,0
0.84375,0.014522821576763484,0.045574239755240845,0.0,1.0,0.0,1.0,0.0,0.0,1
0.8125,0.02188370374580799,0.2108279566840404,0.0,1.0,0.0,1.0,0.0,0.0,1
0.71875,0.045074745637469445,0.3023908646156792,0.0,1.0,1.0,0.0,0.0,0.0,0
0.84375,0.02126413914625135,0.09779453211816819,0.0,1.0,1.0,0.0,0.0,0.0,0
0.75,0.06440061388052067,0.23043985963139293,0.0,1.0,0.0,1.0,0.0,0.0,1
0.90625,0.014380719604388107,0.11632229484704264,0.0,1.0,1.0,0.0,0.0,0.0,0
0.78125,0.03153185926220656,0.23307110861505143,0.0,1.0,1.0,0.0,0.0,0.0,0
0.9375,0.026885693173421245,0.22285895749838697,0.0,1.0,1.0,0.0,0.0,0.0,0
0.875,0.027567782640823053,0.1517789840988492,0.0,1.0,1.0,0.0,0.0,0.0,0
0.6875,0.030864548399931788,0.27395799130271603,0.0,1.0,1.0,0.0,0.0,0.0,0
0.84375,0.05075882453248451,0.11952597752186311,0.0,1.0,1.0,0.0,0.0,0.0,0
0.375,0.06894787699653271,0.3693662886982174,0.0,1.0,1.0,0.0,0.0,0.0,0
0.78125,0.007559824930370033,0.24067331852626495,0.0,1.0,1.0,0.0,0.0,0.0,0
0.96875,0.006877735462968226,0.022026890684036092,0.0,1.0,1.0,0.0,0.0,0.0,0
0.9375,0.003580969703859489,0.11452692362365016,0.0,1.0,1.0,0.0,0.0,0.0,0
0.9375,0.01551753538339112,0.0660352990762059,0.0,1.0,1.0,0.0,0.0,0.0,0
0.78125,0.006887966804979253,0.1087397195665789,0.0,1.0,1.0,0.0,0.0,0.0,0
0.75,0.049622008753481495,0.20351301743262926,0.0,1.0,0.0,0.0,1.0,0.0,1
0.90625,0.018359574830898652,0.14554143972579991,0.0,1.0,1.0,0.0,0.0,0.0,0
0.84375,0.040527482521457395,0.10439233516582401,0.0,1.0,1.0,0.0,0.0,0.0,0
0.53125,0.03370658784743932,0.34709456369969555,0.0,1.0,0.0,1.0,0.0,0.0,1
0.84375,0.016654351162394134,0.16606187916582288,0.0,1.0,1.0,0.0,0.0,0.0,0
0.9375,0.016085943272892627,0.08504639510006629,0.0,1.0,1.0,0.0,0.0,0.0,0
0.9375,0.02984141419882908,0.2508996663656545,0.0,1.0,1.0,0.0,0.0,0.0,0
0.75,0.035980219405445345,0.3267183046584948,0.0,1.0,1.0,0.0,0.0,0.0,0
0.96875,0.003580969703859489,0.1991656330318744,0.0,1.0,1.0,0.0,0.0,0.0,0
0.78125,0.06576820326266129,0.17981969296611666,1.0,0.0,1.0,0.0,0.0,0.0,0
0.53125,0.024481327800829875,0.33145696955179726,0.0,1.0,1.0,0.0,0.0,0.0,0
0.96875,0.0032399249701585853,0.028506709347535318,0.0,1.0,1.0,0.0,0.0,0.0,0
0.59375,0.045074745637469445,0.22720634189914188,0.0,1.0,1.0,0.0,0.0,0.0,0
0.84375,0.031432956289433295,0.18640381219895552,0.0,1.0,1.0,0.0,0.0,0.0,0
0.71875,0.003580969703859489,0.17392358514744,0.0,1.0,0.0,1.0,0.0,0.0,1
0.78125,0.026885693173421245,0.17442336183801713,0.0,1.0,1.0,0.0,0.0,0.0,0
0.9375,0.0016483828795543682,0.033312361766286235,0.0,1.0,1.0,0.0,0.0,0.0,0
0.75,0.08600011368157791,0.2384413636706571,0.0,1.0,1.0,0.0,0.0,0.0,0
0.6875,0.0592849428750071,0.2911783179587259,0.0,1.0,1.0,0.0,0.0,0.0,0
0.625,0.019496390609901663,0.3598889589116124,0.0,1.0,1.0,0.0,0.0,0.0,0
0.5625,0.04621156141647246,0.3219796397651922,0.0,1.0,1.0,0.0,0.0,0.0,0
0.9375,0.002836355368612516,0.07844581636717309,0.0,1.0,1.0,0.0,0.0,0.0,0
0.59375,0.05644290342749957,0.34369859915235423,0.0,1.0,1.0,0.0,0.0,0.0,0
0.9375,0.007684874666060365,0.06042526602833068,0.0,1.0,1.0,0.0,0.0,0.0,0
0.8125,0.03118854089694765,0.20685925731885071,0.0,1.0,1.0,0.0,0.0,0.0,0
0.6875,0.0848632979025749,0.15508932849638604,0.0,1.0,1.0,0.0,0.0,0.0,0
0.6875,0.022338430057409195,0.29828631529867966,0.0,1.0,1.0,0.0,0.0,0.0,0
0.71875,0.022338430057409195,0.22592477612389536,0.0,1.0,1.0,0.0,0.0,0.0,0
0.65625,0.06781106121752971,0.33383434882261115,0.0,1.0,1.0,0.0,0.0,0.0,0
0.65625,0.022338430057409195,0.21065869476122592,0.0,1.0,0.0,0.0,1.0,0.0,1
0.84375,0.02006479849940317,0.07326224691801758,0.0,1.0,1.0,0.0,0.0,0.0,0
0.90625,0.018359574830898652,0.22285895749838697,0.0,1.0,1.0,0.0,0.0,0.0,0
0.90625,0.016654351162394134,0.17352835018827636,0.0,1.0,1.0,0.0,0.0,0.0,0
0.6875,0.05075882453248451,0.2618757156779015,0.0,1.0,1.0,0.0,0.0,0.0,0
0.875,0.04166429830046041,0.17846259859277766,0.0,1.0,1.0,0.0,0.0,0.0,0
0.90625,0.01619962485079293,0.003963021960631038,0.0,1.0,1.0,0.0,0.0,0.0,0
0.5625,0.05757971920650258,0.3443265061790284,0.0,1.0,1.0,0.0,0.0,0.0,0
0.90625,0.016654351162394134,0.22285895749838697,0.0,1.0,1.0,0.0,0.0,0.0,0
0.90625,0.013243903825385095,0.10819411307993859,0.0,1.0,1.0,0.0,0.0,0.0,0
0.75,0.016654351162394134,0.22353632796855585,0.0,1.0,1.0,0.0,0.0,0.0,0
0.0,0.02347524583641221,0.3219796397651922,0.0,1.0,1.0,0.0,0.0,0.0,0
0.75,0.07349514011254477,0.2935476504053771,0.0,1.0,0.0,1.0,0.0,0.0,1
0.65625,0.10759961348263514,0.22604018337139023,0.0,1.0,1.0,0.0,0.0,0.0,0
0.84375,0.025748877394418234,0.07218003369532718,0.0,1.0,1.0,0.0,0.0,0.0,0
0.75,0.045074745637469445,0.29970791476667036,0.0,1.0,0.0,1.0,0.0,0.0,1
0.875,0.05603023929972148,0.146999970494553,0.0,1.0,0.0,1.0,0.0,0.0,1
0.75,0.10191553458762008,0.3598889589116124,0.0,1.0,1.0,0.0,0.0,0.0,0
0.90625,0.007559824930370033,0.2939389308979248,0.0,1.0,1.0,0.0,0.0,0.0,0
0.875,0.00565679531631899,0.03509661461654814,0.0,1.0,1.0,0.0,0.0,0.0,0
0.65625,0.6653885067924742,0.2094564656096639,0.0,1.0,1.0,0.0,0.0,0.0,0
0.34375,0.01097027226737907,0.34567296423170485,1.0,0.0,0.0,1.0,0.0,0.0,1
0.8125,0.04227931563690104,0.2508996663656545,0.0,1.0,0.0,1.0,0.0,0.0,1
0.84375,0.040527482521457395,0.19195687393772953,0.0,1.0,1.0,0.0,0.0,0.0,0
0.78125,0.03256977206843631,0.23116560867139263,0.0,1.0,1.0,0.0,0.0,0.0,0
0.9375,0.03256977206843631,0.22720634189914188,0.0,1.0,1.0,0.0,0.0,0.0,0
0.625,0.05644290342749957,0.3361956344450998,0.0,1.0,1.0,0.0,0.0,0.0,0
0.875,0.02006479849940317,0.23211270091451194,0.0,1.0,1.0,0.0,0.0,0.0,0
0.375,0.05644290342749957,0.34567296423170485,0.0,1.0,1.0,0.0,0.0,0.0,0
0.90625,0.045074745637469445,0.13243304403309147,0.0,1.0,0.0,1.0,0.0,0.0,1
0.78125,0.022338430057409195,0.27459299083216704,0.0,1.0,1.0,0.0,0.0,0.0,0
0.75,0.02461206161541522,0.20659291492595702,0.0,1.0,1.0,0.0,0.0,0.0,0
0.84375,0.004717785482862502,0.17249289090183814,0.0,1.0,1.0,0.0,0.0,0.0,0
0.75,0.05644290342749957,0.18646865779311603,0.0,1.0,1.0,0.0,0.0,0.0,0
0.6875,0.04734837719547547,0.15612636849960407,0.0,1.0,1.0,0.0,0.0,0.0,0
0.875,0.03939066674245438,0.02810974402987396,0.0,1.0,1.0,0.0,0.0,0.0,0
0.90625,0.02802250895242426,0.17034236317951162,0.0,1.0,1.0,0.0,0.0,0.0,0
0.9375,0.03825385096345137,0.15331091850604356,0.0,1.0,1.0,0.0,0.0,0.0,0
0.59375,0.06781106121752971,0.3598889589116124,0.0,1.0,1.0,0.0,0.0,0.0,0
0.90625,0.08258966634456887,0.11420586570654226,0.0,1.0,1.0,0.0,0.0,0.0,0
0.8125,0.04280111407946342,0.23433204225225338,0.0,1.0,1.0,0.0,0.0,0.0,0
0.84375,0.02915932473142727,0.05792209111482438,0.0,1.0,1.0,0.0,0.0,0.0,0
0.78125,0.026885693173421245,0.3077636450852847,0.0,1.0,0.0,1.0,0.0,0.0,1
0.71875,0.05075882453248451,0.12500077097008777,0.0,1.0,1.0,0.0,0.0,0.0,0
0.71875,0.040527482521457395,0.2508996663656545,0.0,1.0,1.0,0.0,0.0,0.0,0
0.90625,0.03370658784743932,0.0022001977897827185,0.0,1.0,1.0,0.0,0.0,0.0,0
0.75,0.018126527596203035,0.3219796397651922,0.0,1.0,1.0,0.0,0.0,0.0,0
0.71875,0.0666742454385267,0.3409342993384023,0.0,1.0,0.0,1.0,0.0,0.0,1
0.5625,0.010401864377877565,0.3219796397651922,0.0,1.0,1.0,0.0,0.0,0.0,0
0.75,0.05189564031148752,0.17981969296611666,0.0,1.0,1.0,0.0,0.0,0.0,0
0.84375,0.0848632979025749,0.19901963022678779,0.0,1.0,1.0,0.0,0.0,0.0,0
0.6875,0.09054737679758995,0.2876885860034583,0.0,1.0,1.0,0.0,0.0,0.0,0
0.9375,0.02915932473142727,0.09805951473676297,0.0,1.0,1.0,0.0,0.0,0.0,0
0.875,0.02915932473142727,0.11632229484704264,0.0,1.0,1.0,0.0,0.0,0.0,0
0.59375,0.11328369237765021,0.3598889589116124,0.0,1.0,1.0,0.0,0.0,0.0,0
0.96875,0.0028988802364576815,0.036659625796396915,0.0,1.0,1.0,0.0,0.0,0.0,0
0.84375,0.02802250895242426,0.2183726656889529,0.0,1.0,1.0,0.0,0.0,0.0,0
0.71875,0.04450633774796794,0.18646865779311603,0.0,1.0,0.0,1.0,0.0,0.0,1
0.75,0.045074745637469445,0.2094564656096639,0.0,1.0,1.0,0.0,0.0,0.0,0
0.875,0.017791166941397145,0.09609526915845895,0.0,1.0,1.0,0.0,0.0,0.0,0
0.90625,0.02347524583641221,0.0356123559239891,0.0,1.0,0.0,1.0,0.0,0.0,1
0.9375,0.01551753538339112,0.22720634189914188,0.0,1.0,1.0,0.0,0.0,0.0,0
0.9375,0.007559824930370033,0.036017984537178145,0.0,1.0,1.0,0.0,0.0,0.0,0
0.75,0.02461206161541522,0.16799717120534818,0.0,1.0,1.0,0.0,0.0,0.0,0
0.65625,0.05644290342749957,0.29828631529867966,0.0,1.0,1.0,0.0,0.0,0.0,0
0.75,0.018126527596203035,0.3219796397651922,0.0,1.0,1.0,0.0,0.0,0.0,0
0.90625,0.03939066674245438,0.08413992419624736,0.0,1.0,1.0,0.0,0.0,0.0,0
0.90625,0.009833456488376057,0.09919063735060092,0.0,1.0,1.0,0.0,0.0,0.0,0
0.6875,0.03939066674245438,0.29828631529867966,0.0,1.0,1.0,0.0,0.0,0.0,0
0.71875,0.06781106121752971,0.3125023099785872,0.0,1.0,1.0,0.0,0.0,0.0,0
0.78125,0.033138179957937816,0.12653787680103246,0.0,1.0,1.0,0.0,0.0,0.0,0
0.8125,0.05644290342749957,0.22720634189914188,0.0,1.0,0.0,1.0,0.0,0.0,1
0.875,0.011538680156880577,0.0613530706335537,0.0,1.0,1.0,0.0,0.0,0.0,0
0.71875,0.06781106121752971,0.2840703206187721,0.0,1.0,0.0,1.0,0.0,0.0,1
0.9375,0.04393792985846643,0.017395265666311503,0.0,1.0,1.0,0.0,0.0,0.0,0
0.8125,0.026885693173421245,0.27459299083216704,0.0,1.0,1.0,0.0,0.0,0.0,0
0.875,0.016654351162394134,0.14609912570634143,0.0,1.0,1.0,0.0,0.0,0.0,0
0.96875,0.003012561814357983,0.01396642170052851,0.0,1.0,1.0,0.0,0.0,0.0,0
0.59375,0.11328369237765021,0.3598889589116124,0.0,1.0,0.0,1.0,0.0,0.0,1
0.78125,0.02273631558006025,0.14953478763486625,0.0,1.0,1.0,0.0,0.0,0.0,0
0.84375,0.05644290342749957,0.29828631529867966,0.0,1.0,0.0,1.0,0.0,0.0,1
0.75,0.04166429830046041,0.22720634189914188,0.0,1.0,0.0,1.0,0.0,0.0,1
0.71875,0.07917921900755982,0.34567296423170485,0.0,1.0,1.0,0.0,0.0,0.0,0
0.9375,0.016654351162394134,0.003963021960631038,0.0,1.0,1.0,0.0,0.0,0.0,0
0.84375,0.03207298357301199,0.1225743934209537,0.0,1.0,1.0,0.0,0.0,0.0,0
0.9375,0.012107088046382082,0.08080683381921569,0.0,1.0,1.0,0.0,0.0,0.0,0
0.3125,0.06781106121752971,0.39305961316473004,0.0,1.0,1.0,0.0,0.0,0.0,0
0.84375,0.023612800545671574,0.22720634189914188,0.0,1.0,1.0,0.0,0.0,0.0,0
0.8125,0.02802250895242426,0.006628732132828625,0.0,1.0,1.0,0.0,0.0,0.0,0
0.8125,0.014380719604388107,0.2840703206187721,0.0,1.0,1.0,0.0,0.0,0.0,0
0.78125,0.06212698232251463,0.2508996663656545,0.0,1.0,1.0,0.0,0.0,0.0,0
0.59375,0.11328369237765021,0.29828631529867966,0.0,1.0,0.0,1.0,0.0,0.0,1
0.65625,0.040527482521457395,0.3219796397651922,0.0,1.0,0.0,1.0,0.0,0.0,1
0.78125,0.03825385096345137,0.2206339081577167,0.0,1.0,1.0,0.0,0.0,0.0,0
0.9375,0.013243903825385095,0.0329693096726354,0.0,1.0,1.0,0.0,0.0,0.0,0
0.71875,0.03256977206843631,0.1087397195665789,0.0,1.0,1.0,0.0,0.0,0.0,0
0.90625,0.03370658784743932,0.10583838275014767,0.0,1.0,1.0,0.0,0.0,0.0,0
0.3125,0.018359574830898652,0.1087397195665789,0.0,1.0,0.0,0.0,1.0,0.0,1
0.90625,0.03711703518444836,0.1605332922957963,0.0,1.0,1.0,0.0,0.0,0.0,0
0.90625,0.013016540669584492,0.06315083570409154,0.0,1.0,1.0,0.0,0.0,0.0,0
0.90625,0.04393792985846643,0.17920115656263466,0.0,1.0,1.0,0.0,0.0,0.0,0
0.8125,0.017956005229352583,0.24142233657904943,0.0,1.0,1.0,0.0,0.0,0.0,0
0.96875,0.0007389302563519582,0.07041341585367301,0.0,1.0,1.0,0.0,0.0,0.0,0
0.59375,0.05644290342749957,0.33145696955179726,0.0,1.0,0.0,1.0,0.0,0.0,1
0.75,0.0563019382709032,0.2807532551934603,0.0,1.0,0.0,1.0,0.0,0.0,1
0.875,0.05757971920650258,0.14959351152095648,0.0,1.0,1.0,0.0,0.0,0.0,0
0.96875,0.001079974990052862,0.05700568623279883,0.0,1.0,1.0,0.0,0.0,0.0,0
0.6875,0.012107088046382082,0.31724097487188974,0.0,1.0,1.0,0.0,0.0,0.0,0
0.6875,0.06212698232251463,0.27459299083216704,0.0,1.0,0.0,1.0,0.0,0.0,1
0.96875,0.022338430057409195,0.009619037299773646,0.0,1.0,1.0,0.0,0.0,0.0,0
0.09375,0.03939066674245438,0.3883209482714275,0.0,1.0,1.0,0.0,0.0,0.0,0
0.6875,0.06781106121752971,0.3053943126386334,0.0,1.0,1.0,0.0,0.0,0.0,0
0.84375,0.045074745637469445,0.15612636849960407,0.0,1.0,0.0,1.0,0.0,0.0,1
0.6875,0.05189564031148752,0.19504715552254695,0.0,1.0,1.0,0.0,0.0,0.0,0
0.3125,0.07349514011254477,0.34567296423170485,0.0,1.0,1.0,0.0,0.0,0.0,0
0.65625,0.021201614278406184,0.2451487868419074,0.0,1.0,1.0,0.0,0.0,0.0,0
0.71875,0.02915932473142727,0.22720634189914188,0.0,1.0,1.0,0.0,0.0,0.0,0
0.65625,0.09736827147160802,0.34567296423170485,0.0,1.0,1.0,0.0,0.0,0.0,0
0.71875,0.38611947933837315,0.22720634189914188,0.0,1.0,0.0,1.0,0.0,0.0,1
0.875,0.045074745637469445,0.013625524163887045,0.0,1.0,1.0,0.0,0.0,0.0,0
0.875,0.01097027226737907,0.08504639510006629,0.0,1.0,1.0,0.0,0.0,0.0,0
0.59375,0.02802250895242426,0.3125023099785872,0.0,1.0,1.0,0.0,0.0,0.0,0
0.96875,0.01097027226737907,0.03366719018578149,0.0,1.0,1.0,0.0,0.0,0.0,0
0.90625,0.026885693173421245,0.07556906531346125,0.0,1.0,1.0,0.0,0.0,0.0,0
0.8125,0.03939066674245438,0.27459299083216704,0.0,1.0,0.0,1.0,0.0,0.0,1
0.71875,0.03370658784743932,0.2554224980965123,0.0,1.0,0.0,1.0,0.0,0.0,1
0.9375,0.006991417040868527,0.1087397195665789,0.0,1.0,1.0,0.0,0.0,0.0,0
0.96875,0.01097027226737907,0.09452372488667132,0.0,1.0,1.0,0.0,0.0,0.0,0
0.875,0.031432956289433295,0.192930632542989,0.0,1.0,1.0,0.0,0.0,0.0,0
0.84375,0.03939066674245438,0.23471258615050858,0.0,1.0,1.0,0.0,0.0,0.0,0
0.875,0.022338430057409195,0.10478212550929636,0.0,1.0,1.0,0.0,0.0,0.0,0
0.96875,0.005854601261865515,0.004705218423741419,0.0,1.0,1.0,0.0,0.0,0.0,0
0.625,0.040527482521457395,0.3182031253207958,0.0,1.0,1.0,0.0,0.0,0.0,0
0.8125,0.02802250895242426,0.27459299083216704,0.0,1.0,1.0,0.0,0.0,0.0,0
0.8125,0.03370658784743932,0.17482189166180398,0.0,1.0,1.0,0.0,0.0,0.0,0
0.71875,0.11442050815665321,0.2309470388953314,0.0,1.0,1.0,0.0,0.0,0.0,0
0.75,0.02347524583641221,0.20351301743262926,0.0,1.0,1.0,0.0,0.0,0.0,0
0.8125,0.06519638492582278,0.19544216647343146,0.0,1.0,1.0,0.0,0.0,0.0,0
0.75,0.049622008753481495,0.34804229667835607,0.0,1.0,1.0,0.0,0.0,0.0,0
0.96875,0.009606093332575455,0.06784875918672467,0.0,1.0,1.0,0.0,0.0,0.0,0
0.8125,0.07690558744955381,0.2935476504053771,0.0,1.0,0.0,1.0,0.0,0.0,1
0.78125,0.13602000795771046,0.29380250921023643,0.0,1.0,1.0,0.0,0.0,0.0,0
0.375,0.026885693173421245,0.3693662886982174,0.0,1.0,1.0,0.0,0.0,0.0,0
0.90625,0.04280111407946342,0.17981969296611666,0.0,1.0,1.0,0.0,0.0,0.0,0
0.6875,0.045074745637469445,0.3077636450852847,0.0,1.0,1.0,0.0,0.0,0.0,0
0.8125,0.054169271869493545,0.0021599935880852405,0.0,1.0,1.0,0.0,0.0,0.0,0
0.84375,0.01551753538339112,0.07425354433435086,0.0,1.0,1.0,0.0,0.0,0.0,0
0.90625,0.02006479849940317,0.036623779419819466,0.0,1.0,1.0,0.0,0.0,0.0,0
0.78125,0.04280111407946342,0.17376220099647602,0.0,1.0,1.0,0.0,0.0,0.0,0
0.8125,0.0848632979025749,0.21693421434811988,0.0,1.0,1.0,0.0,0.0,0.0,0
0.90625,0.03939066674245438,0.08413992419624736,0.0,1.0,1.0,0.0,0.0,0.0,0
0.8125,0.02802250895242426,0.2357363207056158,0.0,1.0,1.0,0.0,0.0,0.0,0
0.6875,0.022338430057409195,0.05792209111482438,0.0,1.0,1.0,0.0,0.0,0.0,0
0.5625,0.11328369237765021,0.34567296423170485,0.0,1.0,1.0,0.0,0.0,0.0,0
0.96875,0.006877735462968226,0.009614298634880343,0.0,1.0,1.0,0.0,0.0,0.0,0
0.5625,0.058716534985505595,0.3333524355091183,0.0,1.0,1.0,0.0,0.0,0.0,0
0.59375,0.017791166941397145,0.3361956344450998,0.0,1.0,1.0,0.0,0.0,0.0,0
0.9375,0.008924003865173648,0.13402292306392796,0.0,1.0,1.0,0.0,0.0,0.0,0
0.6875,0.06781106121752971,0.2508996663656545,0.0,1.0,1.0,0.0,0.0,0.0,0
0.90625,0.017791166941397145,0.16933946710307793,0.0,1.0,1.0,0.0,0.0,0.0,0
0.71875,0.05303245609049053,0.3081132904529212,0.0,1.0,1.0,0.0,0.0,0.0,0
0.875,0.02006479849940317,0.14895595804882547,0.0,1.0,1.0,0.0,0.0,0.0,0
0.5625,0.05644290342749957,0.29237505441829537,0.0,1.0,1.0,0.0,0.0,0.0,0
0.9375,0.006423009151367021,0.07011870194019122,0.0,1.0,1.0,0.0,0.0,0.0,0
0.90625,0.022338430057409195,0.06946840434371529,0.0,1.0,1.0,0.0,0.0,0.0,0
0.71875,0.07349514011254477,0.302580127998934,0.0,1.0,1.0,0.0,0.0,0.0,0
0.625,0.02802250895242426,0.22484937109947048,0.0,1.0,1.0,0.0,0.0,0.0,0
0.75,0.025748877394418234,0.2023240507270612,0.0,1.0,1.0,0.0,0.0,0.0,0
0.8125,0.0059171261297106805,0.20052692584488674,0.0,1.0,1.0,0.0,0.0,0.0,0
0.875,0.04280111407946342,0.2508996663656545,0.0,1.0,1.0,0.0,0.0,0.0,0
0.9375,0.006423009151367021,0.06620048147956234,0.0,1.0,1.0,0.0,0.0,0.0,0
0.84375,0.05075882453248451,0.29828631529867966,0.0,1.0,1.0,0.0,0.0,0.0,0
0.90625,0.030296140510430284,0.13653957402419517,0.0,1.0,1.0,0.0,0.0,0.0,0
0.59375,0.11101006081964418,0.3693662886982174,0.0,1.0,1.0,0.0,0.0,0.0,0
0.9375,0.017791166941397145,0.08504639510006629,0.0,1.0,1.0,0.0,0.0,0.0,0
0.71875,0.05644290342749957,0.2508996663656545,0.0,1.0,1.0,0.0,0.0,0.0,0
0.84375,0.0806002387313136,0.14609912570634143,0.0,1.0,1.0,0.0,0.0,0.0,0
0.5625,0.031432956289433295,0.3219796397651922,0.0,1.0,1.0,0.0,0.0,0.0,0
0.75,0.05644290342749957,0.1983045158543618,0.0,1.0,1.0,0.0,0.0,0.0,0
0.53125,0.09282100835559598,0.37884361848482245,0.0,1.0,0.0,1.0,0.0,0.0,1
0.78125,0.006887966804979253,0.1087397195665789,0.0,1.0,1.0,0.0,0.0,0.0,0
0.625,0.06099016654351162,0.3219796397651922,0.0,1.0,1.0,0.0,0.0,0.0,0
0.78125,0.022338430057409195,0.17180296680123097,0.0,1.0,1.0,0.0,0.0,0.0,0
0.78125,0.05644290342749957,0.23094625004126165,0.0,1.0,1.0,0.0,0.0,0.0,0
0.71875,0.058716534985505595,0.22484937109947048,0.0,1.0,1.0,0.0,0.0,0.0,0
0.65625,0.9999999999999999,0.34567296423170485,0.0,1.0,0.0,0.0,0.0,1.0,1
0.90625,0.025748877394418234,0.07096548933918634,0.0,1.0,1.0,0.0,0.0,0.0,0
0.71875,0.03939066674245438,0.16833158235064538,0.0,1.0,1.0,0.0,0.0,0.0,0
0.90625,0.05530608764849656,0.20351301743262926,0.0,1.0,1.0,0.0,0.0,0.0,0
0.71875,0.06212698232251463,0.17981969296611666,0.0,1.0,0.0,1.0,0.0,0.0,1
0.9375,0.016768032740294432,0.01396642170052851,0.0,1.0,0.0,1.0,0.0,0.0,1
0.625,0.04280111407946342,0.29828631529867966,0.0,1.0,1.0,0.0,0.0,0.0,0
0.90625,0.013985107713295059,0.08014331084800189,0.0,1.0,1.0,0.0,0.0,0.0,0
0.96875,0.007559824930370033,0.012752869428908763,0.0,1.0,1.0,0.0,0.0,0.0,0
0.96875,0.015290172227590517,0.43609887769700034,0.0,1.0,0.0,1.0,0.0,0.0,1
0.6875,0.031432956289433295,0.17362613208028024,0.0,1.0,0.0,1.0,0.0,0.0,1
0.71875,0.022338430057409195,0.302580127998934,0.0,1.0,0.0,1.0,0.0,0.0,1
0.90625,0.01780026146762917,0.14554143972579991,0.0,1.0,0.0,1.0,0.0,0.0,1
0.9375,0.040527482521457395,0.15166707635106616,0.0,1.0,1.0,0.0,0.0,0.0,0
0.6875,0.040527482521457395,0.2508996663656545,0.0,1.0,1.0,0.0,0.0,0.0,0
0.9375,3.4104473370090383e-05,0.00963131556153247,0.0,1.0,1.0,0.0,0.0,0.0,0
0.9375,0.05644290342749957,0.009724330970440174,0.0,1.0,1.0,0.0,0.0,0.0,0
0.75,0.03370658784743932,0.2508996663656545,0.0,1.0,1.0,0.0,0.0,0.0,0
0.71875,0.03939066674245438,0.2508996663656545,0.0,1.0,1.0,0.0,0.0,0.0,0
0.90625,0.016085943272892627,0.11918252971780803,0.0,1.0,1.0,0.0,0.0,0.0,0
0.90625,0.016654351162394134,0.22720634189914188,0.0,1.0,1.0,0.0,0.0,0.0,0
0.6875,0.06099016654351162,0.27459299083216704,0.0,1.0,1.0,0.0,0.0,0.0,0
0.9375,0.012107088046382082,0.0376597461670411,0.0,1.0,1.0,0.0,0.0,0.0,0
0.71875,0.04848519297447848,0.22435833654757242,0.0,1.0,1.0,0.0,0.0,0.0,0
0.6875,0.016654351162394134,0.33145696955179726,0.0,1.0,1.0,0.0,0.0,0.0,0
0.625,0.045074745637469445,0.3219796397651922,0.0,1.0,0.0,0.0,1.0,0.0,1
0.875,0.10532598192462911,0.2049393029303849,0.0,1.0,1.0,0.0,0.0,0.0,0
0.75,0.026885693173421245,0.3219796397651922,0.0,1.0,1.0,0.0,0.0,0.0,0
0.9375,0.01551753538339112,0.08504639510006629,0.0,1.0,1.0,0.0,0.0,0.0,0
0.96875,0.03307224464275564,0.17981969296611666,0.0,1.0,1.0,0.0,0.0,0.0,0
0.90625,0.022338430057409195,0.04478992773944937,0.0,1.0,1.0,0.0,0.0,0.0,0
0.84375,0.03370658784743932,0.29828631529867966,0.0,1.0,1.0,0.0,0.0,0.0,0
0.90625,0.04280111407946342,0.0834712254954425,0.0,1.0,1.0,0.0,0.0,0.0,0
0.9375,0.02006479849940317,0.044271373409305315,0.0,1.0,1.0,0.0,0.0,0.0,0
0.9375,0.01551753538339112,0.05902094630510516,0.0,1.0,1.0,0.0,0.0,0.0,0
0.96875,0.014380719604388107,0.0985410484993944,0.0,1.0,1.0,0.0,0.0,0.0,0
0.90625,0.04734837719547547,0.0943849957250218,0.0,1.0,1.0,0.0,0.0,0.0,0
0.875,0.030296140510430284,0.10583838275014767,0.0,1.0,0.0,1.0,0.0,0.0,1
0.96875,0.004149377593360996,0.10439233516582401,0.0,1.0,1.0,0.0,0.0,0.0,0
0.8125,0.0009662934121525606,0.24161958537683795,0.0,1.0,1.0,0.0,0.0,0.0,0
0.9375,0.00812823281987154,0.013923773716488785,0.0,1.0,1.0,0.0,0.0,0.0,0
0.78125,0.016654351162394134,0.13243304403309147,0.0,1.0,1.0,0.0,0.0,0.0,0
0.78125,0.07917921900755982,0.29828631529867966,0.0,1.0,0.0,1.0,0.0,0.0,1
0.96875,0.013990791792190075,0.0613530706335537,0.0,1.0,1.0,0.0,0.0,0.0,0
0.6875,0.07804240322855681,0.24844812423962223,0.0,1.0,1.0,0.0,0.0,0.0,0
0.6875,0.11328369237765021,0.27910808020891437,0.0,1.0,1.0,0.0,0.0,0.0,0
0.84375,0.02006479849940317,0.18775914382242592,0.0,1.0,1.0,0.0,0.0,0.0,0
0.59375,0.09054737679758995,0.3219796397651922,0.0,1.0,1.0,0.0,0.0,0.0,0
0.96875,0.012334451202182685,0.018029068710792476,0.0,1.0,1.0,0.0,0.0,0.0,0
0.875,0.01892798272040016,0.15612647499916643,0.0,1.0,1.0,0.0,0.0,0.0,0
0.8125,0.06374126072869891,0.15801667478298828,0.0,1.0,1.0,0.0,0.0,0.0,0
0.71875,0.09282100835559598,0.20685925731885071,0.0,1.0,1.0,0.0,0.0,0.0,0
0.9375,0.01097027226737907,0.0613530706335537,0.0,1.0,1.0,0.0,0.0,0.0,0
0.75,0.11328369237765021,0.17085208078923023,0.0,1.0,1.0,0.0,0.0,0.0,0
0.90625,0.02045699994315921,0.08069901069931142,0.0,1.0,1.0,0.0,0.0,0.0,0
0.65625,0.022338430057409195,0.27459299083216704,0.0,1.0,1.0,0.0,0.0,0.0,0
0.375,0.054169271869493545,0.3693662886982174,0.0,1.0,0.0,0.0,0.0,1.0,1
0.8125,0.01551753538339112,0.12635814646872803,0.0,1.0,1.0,0.0,0.0,0.0,0
0.9375,0.004263059171261297,0.006723414752493933,0.0,1.0,0.0,1.0,0.0,0.0,1
0.875,0.05644290342749957,0.16429571754381206,0.0,1.0,0.0,1.0,0.0,0.0,1
0.96875,0.0030409822088330583,0.039072127024094676,0.0,1.0,1.0,0.0,0.0,0.0,0
0.71875,0.06781106121752971,0.2876885860034583,0.0,1.0,1.0,0.0,0.0,0.0,0
0.875,0.006423009151367021,0.11003348251030247,0.0,1.0,1.0,0.0,0.0,0.0,0
0.71875,0.03939066674245438,0.24933820860553052,0.0,1.0,1.0,0.0,0.0,0.0,0
0.78125,0.05644290342749957,0.24759430517817935,0.0,1.0,1.0,0.0,0.0,0.0,0
0.9375,0.01097027226737907,0.08363765996284432,0.0,1.0,1.0,0.0,0.0,0.0,0
0.96875,0.007559824930370033,0.01535957248838068,0.0,1.0,1.0,0.0,0.0,0.0,0
0.875,0.03825385096345137,0.168605605341158,0.0,1.0,1.0,0.0,0.0,0.0,0
0.75,0.022338430057409195,0.29828631529867966,0.0,1.0,0.0,1.0,0.0,0.0,1
0.75,0.04280111407946342,0.2094564656096639,0.0,1.0,1.0,0.0,0.0,0.0,0
0.625,0.11328369237765021,0.34567296423170485,0.0,1.0,1.0,0.0,0.0,0.0,0
0.9375,0.022338430057409195,0.08504639510006629,0.0,1.0,1.0,0.0,0.0,0.0,0
0.90625,0.27243790143807195,0.10033952340822613,0.0,1.0,1.0,0.0,0.0,0.0,0
0.28125,0.05116125731825157,0.29828631529867966,0.0,1.0,1.0,0.0,0.0,0.0,0
0.65625,0.11328369237765021,0.3693662886982174,0.0,1.0,1.0,0.0,0.0,0.0,0
0.84375,0.035980219405445345,0.0376597461670411,0.0,1.0,1.0,0.0,0.0,0.0,0
0.84375,0.01551753538339112,0.22468666002247084,0.0,1.0,0.0,1.0,0.0,0.0,1
0.875,0.07917921900755982,0.2508996663656545,0.0,1.0,1.0,0.0,0.0,0.0,0
0.875,0.014949127493889615,0.21317431578678242,0.0,1.0,1.0,0.0,0.0,0.0,0
0.75,0.0848632979025749,0.22844421585548552,0.0,1.0,1.0,0.0,0.0,0.0,0
0.71875,0.0848632979025749,0.31525775815940466,0.0,1.0,1.0,0.0,0.0,0.0,0
0.90625,0.058716534985505595,0.14800132865300555,0.0,1.0,1.0,0.0,0.0,0.0,0
0.78125,0.02104246006934576,0.19406378310190353,0.0,1.0,1.0,0.0,0.0,0.0,0
0.90625,0.002671517080657079,0.22285895749838697,0.0,1.0,1.0,0.0,0.0,0.0,0
0.875,0.11328369237765021,0.056897662713555265,0.0,1.0,1.0,0.0,0.0,0.0,0
0.875,0.04336952196896492,0.27459299083216704,0.0,1.0,1.0,0.0,0.0,0.0,0
0.9375,0.011538680156880577,0.014110662778690705,0.0,1.0,1.0,0.0,0.0,0.0,0
0.875,0.03939066674245438,0.0,0.0,1.0,1.0,0.0,0.0,0.0,0
0.78125,0.01892798272040016,0.051370291532626004,0.0,1.0,1.0,0.0,0.0,0.0,0
0.96875,0.0028988802364576815,0.21772901211253684,0.0,1.0,1.0,0.0,0.0,0.0,0
0.8125,0.03370658784743932,0.19519800143655183,0.0,1.0,1.0,0.0,0.0,0.0,0
0.875,0.01551753538339112,0.17981969296611666,0.0,1.0,0.0,1.0,0.0,0.0,1
0.8125,0.01097027226737907,0.10819411307993859,0.0,1.0,1.0,0.0,0.0,0.0,0
0.8125,0.010465526061501732,0.14950052011114268,0.0,1.0,1.0,0.0,0.0,0.0,0
0.9375,0.04166429830046041,0.09489435047730606,0.0,1.0,1.0,0.0,0.0,0.0,0
0.84375,0.002671517080657079,0.1309468673786651,0.0,1.0,1.0,0.0,0.0,0.0,0
0.875,0.040527482521457395,0.13758718880489745,0.0,1.0,1.0,0.0,0.0,0.0,0
0.84375,0.058716534985505595,0.14445091541416477,0.0,1.0,0.0,1.0,0.0,0.0,1
0.78125,0.05189564031148752,0.0376597461670411,0.0,1.0,1.0,0.0,0.0,0.0,0
0.875,0.013243903825385095,0.1991656330318744,0.0,1.0,1.0,0.0,0.0,0.0,0
0.96875,0.006991417040868527,0.1517789840988492,0.0,1.0,1.0,0.0,0.0,0.0,0
0.75,0.01563121696129142,0.25791558177405793,0.0,1.0,1.0,0.0,0.0,0.0,0
0.8125,0.045074745637469445,0.27459299083216704,0.0,1.0,1.0,0.0,0.0,0.0,0
0.6875,0.0848632979025749,0.12632352282547604,0.0,1.0,1.0,0.0,0.0,0.0,0
0.9375,0.01097027226737907,0.20351301743262926,0.0,1.0,1.0,0.0,0.0,0.0,0
0.65625,0.03328028193031319,0.21955792605356422,0.0,1.0,1.0,0.0,0.0,0.0,0
0.5625,0.03939066674245438,0.36700178434606373,0.0,1.0,0.0,1.0,0.0,0.0,1
0.875,0.035980219405445345,0.23094625004126165,0.0,1.0,1.0,0.0,0.0,0.0,0
0.8125,0.022338430057409195,0.27459299083216704,0.0,1.0,1.0,0.0,0.0,0.0,0
0.59375,0.07917921900755982,0.2981397132816843,0.0,1.0,1.0,0.0,0.0,0.0,0
0.78125,0.06440061388052067,0.16975139466880512,0.0,1.0,1.0,0.0,0.0,0.0,0
0.53125,0.012107088046382082,0.33145696955179726,0.0,1.0,1.0,0.0,0.0,0.0,0
0.9375,0.019496390609901663,0.01396642170052851,0.0,1.0,1.0,0.0,0.0,0.0,0
0.8125,0.007559824930370033,0.20547256808373004,0.0,1.0,1.0,0.0,0.0,0.0,0
0.9375,0.019496390609901663,0.22720634189914188,0.0,1.0,1.0,0.0,0.0,0.0,0
0.9375,0.02802250895242426,0.25563833125895696,0.0,1.0,1.0,0.0,0.0,0.0,0
0.46875,0.060421758654010116,0.37884361848482245,0.0,1.0,1.0,0.0,0.0,0.0,0
0.9375,0.016654351162394134,0.017397028410194977,0.0,1.0,1.0,0.0,0.0,0.0,0
0.875,0.008696640709373045,0.17981969296611666,0.0,1.0,1.0,0.0,0.0,0.0,0
0.84375,0.04444722332745978,0.15693067708745267,0.0,1.0,1.0,0.0,0.0,0.0,0
0.5625,0.0848632979025749,0.3219796397651922,0.0,1.0,1.0,0.0,0.0,0.0,0
0.75,0.031432956289433295,0.17981969296611666,0.0,1.0,1.0,0.0,0.0,0.0,0
0.625,0.07008469277553572,0.24142233657904943,0.0,1.0,1.0,0.0,0.0,0.0,0
0.9375,0.013243903825385095,0.0897850599933688,0.0,1.0,1.0,0.0,0.0,0.0,0
0.75,0.05644176661172057,0.2840703206187721,0.0,1.0,1.0,0.0,0.0,0.0,0
0.71875,0.07917921900755982,0.23568685900070696,0.0,1.0,1.0,0.0,0.0,0.0,0
0.9375,0.02802250895242426,0.10993137138178402,0.0,1.0,1.0,0.0,0.0,0.0,0
0.8125,0.022338430057409195,0.12942674342430785,0.0,1.0,1.0,0.0,0.0,0.0,0
0.875,0.004717785482862502,0.22285895749838697,0.0,1.0,1.0,0.0,0.0,0.0,0
0.8125,0.05075882453248451,0.16232315472051875,0.0,1.0,1.0,0.0,0.0,0.0,0
0.8125,0.07690558744955381,0.10191241716265476,0.0,1.0,1.0,0.0,0.0,0.0,0
0.65625,0.10759961348263514,0.22604018337139023,0.0,1.0,1.0,0.0,0.0,0.0,0
0.65625,0.017791166941397145,0.3219796397651922,0.0,1.0,1.0,0.0,0.0,0.0,0
0.96875,0.005286193372364008,0.0376597461670411,0.0,1.0,1.0,0.0,0.0,0.0,0
0.5625,0.040527482521457395,0.05226702133949631,0.0,1.0,0.0,1.0,0.0,0.0,1
0.9375,0.07917921900755982,0.009619037299773646,0.0,1.0,1.0,0.0,0.0,0.0,0
0.53125,0.030716762348661397,0.3219796397651922,0.0,1.0,1.0,0.0,0.0,0.0,0
0.90625,0.009378730176774852,0.07843567272511613,0.0,1.0,1.0,0.0,0.0,0.0,0
0.4375,0.05530608764849656,0.2888089855120746,0.0,1.0,1.0,0.0,0.0,0.0,0
0.9375,0.017791166941397145,0.13243304403309147,0.0,1.0,1.0,0.0,0.0,0.0,0
0.59375,0.11328369237765021,0.3598889589116124,0.0,1.0,0.0,1.0,0.0,0.0,1
0.8125,0.01097027226737907,0.1311631507481846,0.0,1.0,1.0,0.0,0.0,0.0,0
0.75,0.03370658784743932,0.2486856511940056,0.0,1.0,0.0,1.0,0.0,0.0,1
0.9375,0.007559824930370033,0.0983096580659514,0.0,1.0,1.0,0.0,0.0,0.0,0
0.78125,0.07690558744955381,0.22720634189914188,0.0,1.0,1.0,0.0,0.0,0.0,0
0.875,0.022338430057409195,0.18062254727980173,0.0,1.0,0.0,1.0,0.0,0.0,1
0.84375,0.02802250895242426,0.2094564656096639,0.0,1.0,1.0,0.0,0.0,0.0,0
0.96875,0.009719774910475756,0.022499917595815922,0.0,1.0,1.0,0.0,0.0,0.0,0
0.59375,0.07917921900755982,0.29828631529867966,0.0,1.0,1.0,0.0,0.0,0.0,0
0.5625,0.045074745637469445,0.29828631529867966,0.0,1.0,0.0,1.0,0.0,0.0,1
0.96875,0.009265048598874552,0.029025616362081837,0.0,1.0,1.0,0.0,0.0,0.0,0
0.75,0.035980219405445345,0.24844812423962223,0.0,1.0,1.0,0.0,0.0,0.0,0
0.6875,0.06212698232251463,0.29828631529867966,0.0,1.0,1.0,0.0,0.0,0.0,0
0.5625,0.0848632979025749,0.3693662886982174,0.0,1.0,1.0,0.0,0.0,0.0,0
0.625,0.07349514011254477,0.29828631529867966,0.0,1.0,0.0,0.0,1.0,0.0,1
0.875,0.39180355823338825,0.1517789840988492,0.0,1.0,1.0,0.0,0.0,0.0,0
0.8125,0.02347524583641221,0.08901936924590874,0.0,1.0,1.0,0.0,0.0,0.0,0
0.78125,0.06781106121752971,0.16369282852959857,0.0,1.0,1.0,0.0,0.0,0.0,0
0.8125,0.04280111407946342,0.1745568586197133,0.0,1.0,1.0,0.0,0.0,0.0,0
0.71875,0.045074745637469445,0.2715382302283593,0.0,1.0,1.0,0.0,0.0,0.0,0
0.5625,0.045074745637469445,0.34567296423170485,0.0,1.0,1.0,0.0,0.0,0.0,0
0.78125,0.02802250895242426,0.24203510129474537,0.0,1.0,1.0,0.0,0.0,0.0,0
0.9375,0.02802250895242426,0.05717008278683397,0.0,1.0,1.0,0.0,0.0,0.0,0
0.8125,0.02802250895242426,0.1847639559813273,0.0,1.0,1.0,0.0,0.0,0.0,0
0.96875,0.003012561814357983,0.1754723085653618,0.0,1.0,1.0,0.0,0.0,0.0,0
0.71875,0.031432956289433295,0.2508996663656545,0.0,1.0,1.0,0.0,0.0,0.0,0
0.84375,0.045074745637469445,0.17725769826258675,0.0,1.0,1.0,0.0,0.0,0.0,0
0.96875,0.009265048598874552,0.03678016278746505,0.0,1.0,1.0,0.0,0.0,0.0,0
0.90625,0.03370658784743932,0.0613530706335537,0.0,1.0,1.0,0.0,0.0,0.0,0
0.90625,0.022338430057409195,0.13310910904660334,0.0,1.0,0.0,1.0,0.0,0.0,1
0.78125,0.03370658784743932,0.29828631529867966,0.0,1.0,1.0,0.0,0.0,0.0,0
0.8125,0.0138873415563008,0.176760375447905,0.0,1.0,1.0,0.0,0.0,0.0,0
0.71875,0.01892798272040016,0.30302498019198215,0.0,1.0,1.0,0.0,0.0,0.0,0
0.9375,0.01892798272040016,0.08504639510006629,0.0,1.0,1.0,0.0,0.0,0.0,0
0.90625,0.03939066674245438,0.09834209380556012,0.0,1.0,1.0,0.0,0.0,0.0,0
0.84375,0.045074745637469445,0.29662737552771157,0.0,1.0,1.0,0.0,0.0,0.0,0
0.96875,0.0011936565679531632,0.0671362458228962,0.0,1.0,1.0,0.0,0.0,0.0,0
0.875,0.04166429830046041,0.12613530324876157,0.0,1.0,1.0,0.0,0.0,0.0,0
0.84375,0.016654351162394134,0.17487648955082927,0.0,1.0,1.0,0.0,0.0,0.0,0
0.65625,0.05189564031148752,0.34567296423170485,0.0,1.0,1.0,0.0,0.0,0.0,0
0.75,0.0848632979025749,0.20351301743262926,0.0,1.0,1.0,0.0,0.0,0.0,0
0.8125,0.01584607514352299,0.20280134874639572,0.0,1.0,1.0,0.0,0.0,0.0,0
0.84375,0.022338430057409195,0.17245859141789036,0.0,1.0,0.0,1.0,0.0,0.0,1
0.75,0.031432956289433295,0.05700568623279883,0.0,1.0,1.0,0.0,0.0,0.0,0
0.8125,0.021201614278406184,0.05700568623279883,0.0,1.0,1.0,0.0,0.0,0.0,0
0.90625,0.03194452338998465,0.13243304403309147,0.0,1.0,1.0,0.0,0.0,0.0,0
0.8125,0.03541181151594384,0.05700568623279883,0.0,1.0,1.0,0.0,0.0,0.0,0
0.875,0.031432956289433295,0.22720634189914188,0.0,1.0,1.0,0.0,0.0,0.0,0
0.59375,0.11328369237765021,0.31724097487188974,0.0,1.0,1.0,0.0,0.0,0.0,0
0.9375,0.017791166941397145,0.22720634189914188,0.0,1.0,1.0,0.0,0.0,0.0,0
0.59375,0.01990564429034275,0.2094564656096639,0.0,1.0,1.0,0.0,0.0,0.0,0
0.84375,0.026885693173421245,0.18062254727980173,0.0,1.0,1.0,0.0,0.0,0.0,0
0.875,0.012050247257431932,0.0613530706335537,0.0,1.0,1.0,0.0,0.0,0.0,0
0.90625,0.04035696015460694,0.20351301743262926,0.0,1.0,1.0,0.0,0.0,0.0,0
0.875,0.03256977206843631,0.14374896160848316,0.0,1.0,1.0,0.0,0.0,0.0,0
0.40625,0.004149377593360996,0.13243304403309147,0.0,1.0,0.0,1.0,0.0,0.0,1
0.875,0.05123628715966577,0.10993137138178402,0.0,1.0,1.0,0.0,0.0,0.0,0
0.9375,0.03939066674245438,0.1991656330318744,0.0,1.0,0.0,1.0,0.0,0.0,1
0.90625,0.022111066901608592,0.1463917244219359,0.0,1.0,1.0,0.0,0.0,0.0,0
0.9375,0.025748877394418234,0.06583389332912232,0.0,1.0,1.0,0.0,0.0,0.0,0
0.8125,0.03939066674245438,0.22720634189914188,0.0,1.0,1.0,0.0,0.0,0.0,0
0.9375,0.00812823281987154,0.1087397195665789,0.0,1.0,1.0,0.0,0.0,0.0,0
0.78125,0.022338430057409195,0.23950898867549,0.0,1.0,1.0,0.0,0.0,0.0,0
0.875,0.08145285056556585,0.07938861739591072,0.0,1.0,1.0,0.0,0.0,0.0,0
0.9375,0.007559824930370033,0.10187957207826619,0.0,1.0,1.0,0.0,0.0,0.0,0
0.96875,0.006423009151367021,0.08069901069931142,0.0,1.0,1.0,0.0,0.0,0.0,0
0.90625,0.03859489569715227,0.08232824584220605,0.0,1.0,1.0,0.0,0.0,0.0,0
0.90625,0.007786051270391632,0.1517789840988492,0.0,1.0,1.0,0.0,0.0,0.0,0
0.71875,0.04848519297447848,0.2941785442102889,0.0,1.0,1.0,0.0,0.0,0.0,0
0.90625,0.008696640709373045,0.006644504999873804,0.0,1.0,1.0,0.0,0.0,0.0,0
0.90625,0.010969135451600068,0.17981969296611666,0.0,1.0,1.0,0.0,0.0,0.0,0
0.59375,0.09054737679758995,0.29828631529867966,0.0,1.0,1.0,0.0,0.0,0.0,0
0.8125,0.03370658784743932,0.1716041507893352,0.0,1.0,1.0,0.0,0.0,0.0,0
0.84375,0.013243903825385095,0.1480879444867616,0.0,1.0,1.0,0.0,0.0,0.0,0
0.65625,0.019496390609901663,0.26966366552609816,0.0,1.0,1.0,0.0,0.0,0.0,0
0.875,0.05075882453248451,0.24142233657904943,0.0,1.0,1.0,0.0,0.0,0.0,0
0.78125,0.04280111407946342,0.1811261988829741,0.0,1.0,1.0,0.0,0.0,0.0,0
0.875,0.022111066901608592,0.1470403192055467,0.0,1.0,1.0,0.0,0.0,0.0,0
0.71875,0.013243903825385095,0.20445741792104846,0.0,1.0,1.0,0.0,0.0,0.0,0
0.15625,0.01097027226737907,0.1991656330318744,0.0,1.0,0.0,1.0,0.0,0.0,1
0.625,0.09623145569260501,0.3125023099785872,0.0,1.0,0.0,1.0,0.0,0.0,1
0.59375,0.07917921900755982,0.34567296423170485,0.0,1.0,1.0,0.0,0.0,0.0,0
0.90625,0.0018859773773659977,0.026744520620729652,0.0,1.0,1.0,0.0,0.0,0.0,0
0.9375,0.0013073381458534644,0.028498507896823295,0.0,1.0,1.0,0.0,0.0,0.0,0
0.8125,0.013331438640368327,0.1972779888989267,0.0,1.0,1.0,0.0,0.0,0.0,0
0.90625,0.022338430057409195,0.2939389308979248,0.0,1.0,1.0,0.0,0.0,0.0,0
0.21875,0.022338430057409195,0.2939389308979248,0.0,1.0,0.0,0.0,1.0,0.0,1
0.71875,0.045074745637469445,0.20351301743262926,0.0,1.0,1.0,0.0,0.0,0.0,0
0.9375,0.013243903825385095,0.09096985934114737,0.0,1.0,1.0,0.0,0.0,0.0,0
0.90625,0.030296140510430284,0.0781333337931178,0.0,1.0,1.0,0.0,0.0,0.0,0
0.78125,0.10532598192462911,0.27459299083216704,0.0,1.0,1.0,0.0,0.0,0.0,0
0.84375,0.013243903825385095,0.22159122467326733,0.0,1.0,1.0,0.0,0.0,0.0,0
0.71875,0.040527482521457395,0.3125023099785872,0.0,1.0,1.0,0.0,0.0,0.0,0
0.84375,0.012107088046382082,0.12730372210044552,0.0,1.0,1.0,0.0,0.0,0.0,0
0.90625,0.02915932473142727,0.08269574550351268,0.0,1.0,1.0,0.0,0.0,0.0,0
0.8125,0.5111692150287045,0.17993085219695407,0.0,1.0,1.0,0.0,0.0,0.0,0
0.75,0.03256977206843631,0.12653787680103246,0.0,1.0,1.0,0.0,0.0,0.0,0
0.90625,0.05075882453248451,0.29828631529867966,0.0,1.0,1.0,0.0,0.0,0.0,0
0.90625,0.014380719604388107,0.10033952340822613,0.0,1.0,1.0,0.0,0.0,0.0,0
0.53125,0.054169271869493545,0.3693662886982174,0.0,1.0,1.0,0.0,0.0,0.0,0
0.9375,0.006211561416472461,0.0896763011977696,0.0,1.0,1.0,0.0,0.0,0.0,0
0.8125,0.03484340362644233,0.18335120430231874,0.0,1.0,1.0,0.0,0.0,0.0,0
0.90625,0.02802250895242426,0.21772901211253684,0.0,1.0,1.0,0.0,0.0,0.0,0
0.4375,0.031432956289433295,0.2935476504053771,0.0,1.0,0.0,1.0,0.0,0.0,1
0.9375,0.012107088046382082,0.13243304403309147,0.0,1.0,1.0,0.0,0.0,0.0,0
0.90625,0.008526118342522593,0.06373868457889593,1.0,0.0,1.0,0.0,0.0,0.0,0
0.84375,0.01097027226737907,0.1517789840988492,0.0,1.0,1.0,0.0,0.0,0.0,0
0.53125,0.045074745637469445,0.137171708926394,0.0,1.0,0.0,1.0,0.0,0.0,1
0.84375,0.005286193372364008,0.009441918222092956,0.0,1.0,0.0,1.0,0.0,0.0,1
0.9375,0.01551753538339112,0.022779634290513873,0.0,1.0,1.0,0.0,0.0,0.0,0
0.9375,0.00812823281987154,0.5545655000295634,0.0,1.0,1.0,0.0,0.0,0.0,0
0.78125,0.02802250895242426,0.14944910234339048,0.0,1.0,1.0,0.0,0.0,0.0,0
0.5,0.052691411356789626,0.2799753603950751,0.0,1.0,1.0,0.0,0.0,0.0,0
0.71875,0.013243903825385095,0.2508996663656545,0.0,1.0,1.0,0.0,0.0,0.0,0
0.96875,0.006423009151367021,0.4597922021635129,0.0,1.0,1.0,0.0,0.0,0.0,0
0.875,0.010742909111578467,0.06941387899428608,0.0,1.0,1.0,0.0,0.0,0.0,0
0.84375,0.05197521741601773,0.19404814287942265,0.0,1.0,0.0,1.0,0.0,0.0,1
0.65625,0.016085943272892627,0.2508996663656545,0.0,1.0,1.0,0.0,0.0,0.0,0
0.625,0.07917921900755982,0.2508996663656545,0.0,1.0,1.0,0.0,0.0,0.0,0
0.625,0.11328369237765021,0.29828631529867966,1.0,0.0,0.0,1.0,0.0,0.0,1
0.78125,0.03370658784743932,0.13653957402419517,1.0,0.0,1.0,0.0,0.0,0.0,0
0.5,0.14397771841073154,0.3219796397651922,0.0,1.0,0.0,1.0,0.0,0.0,1
0.75,0.07122150855453874,0.25080205406025224,0.0,1.0,0.0,1.0,0.0,0.0,1
0.6875,0.03370658784743932,0.3219796397651922,0.0,1.0,0.0,1.0,0.0,0.0,1
0.71875,0.01097027226737907,0.19548850744446208,0.0,1.0,1.0,0.0,0.0,0.0,0
0.84375,0.01097027226737907,0.09779453211816819,0.0,1.0,1.0,0.0,0.0,0.0,0
0.71875,0.10077871880861707,0.27459299083216704,0.0,1.0,1.0,0.0,0.0,0.0,0
0.65625,0.05644290342749957,0.21252642096843424,0.0,1.0,1.0,0.0,0.0,0.0,0
0.71875,0.017222759051895638,0.24462233784183393,0.0,1.0,1.0,0.0,0.0,0.0,0
0.71875,0.07463195589154778,0.25017214529114984,0.0,1.0,1.0,0.0,0.0,0.0,0
0.90625,0.09054737679758995,0.22720634189914188,0.0,1.0,0.0,1.0,0.0,0.0,1
0.71875,0.009378730176774852,0.22720634189914188,0.0,1.0,1.0,0.0,0.0,0.0,0
0.8125,0.045074745637469445,0.019255604388423716,0.0,1.0,1.0,0.0,0.0,0.0,0
0.875,0.02802250895242426,0.10583838275014767,0.0,1.0,1.0,0.0,0.0,0.0,0
0.78125,0.03882225885295287,0.2200322521576327,0.0,1.0,1.0,0.0,0.0,0.0,0
0.875,0.017222759051895638,0.12051994744082702,0.0,1.0,1.0,0.0,0.0,0.0,0
0.71875,0.031432956289433295,0.267499477775706,0.0,1.0,1.0,0.0,0.0,0.0,0
0.5625,0.045074745637469445,0.2825156202836266,0.0,1.0,1.0,0.0,0.0,0.0,0
0.78125,0.045074745637469445,0.20351301743262926,0.0,1.0,1.0,0.0,0.0,0.0,0
0.875,0.05644290342749957,0.19555543913611023,0.0,1.0,1.0,0.0,0.0,0.0,0
0.90625,0.026885693173421245,0.08504639510006629,0.0,1.0,1.0,0.0,0.0,0.0,0
0.75,0.05644290342749957,0.19307627652435724,0.0,1.0,1.0,0.0,0.0,0.0,0
0.53125,0.06212698232251463,0.34076539472226064,0.0,1.0,1.0,0.0,0.0,0.0,0
0.75,0.07917921900755982,0.29828631529867966,0.0,1.0,1.0,0.0,0.0,0.0,0
0.75,0.013243903825385095,0.2406859630083155,0.0,1.0,0.0,1.0,0.0,0.0,1
0.6875,0.07917921900755982,0.1716041507893352,0.0,1.0,1.0,0.0,0.0,0.0,0
0.84375,0.017791166941397145,0.08552446392377963,0.0,1.0,0.0,1.0,0.0,0.0,1
0.8125,0.04280111407946342,0.2508996663656545,0.0,1.0,1.0,0.0,0.0,0.0,0
0.875,0.11328369237765021,0.004906045405287003,0.0,1.0,1.0,0.0,0.0,0.0,0
0.875,0.05075882453248451,0.09489435047730606,0.0,1.0,1.0,0.0,0.0,0.0,0
0.75,0.03255840391064628,0.2959169828520284,0.0,1.0,1.0,0.0,0.0,0.0,0
0.6875,0.014380719604388107,0.2508996663656545,0.0,1.0,1.0,0.0,0.0,0.0,0
0.53125,0.016654351162394134,0.3219796397651922,0.0,1.0,1.0,0.0,0.0,0.0,0
0.875,0.06781106121752971,0.11142787921948703,0.0,1.0,1.0,0.0,0.0,0.0,0
0.90625,0.02461206161541522,0.12635814646872803,0.0,1.0,1.0,0.0,0.0,0.0,0
0.625,0.021770022167907688,0.27459299083216704,0.0,1.0,1.0,0.0,0.0,0.0,0
0.78125,0.02802250895242426,0.16465200797538707,0.0,1.0,1.0,0.0,0.0,0.0,0
0.71875,0.07917921900755982,0.27459299083216704,0.0,1.0,0.0,0.0,1.0,0.0,1
0.8125,0.07349514011254477,0.22720634189914188,0.0,1.0,0.0,1.0,0.0,0.0,1
0.75,0.09736827147160802,0.22327443420348586,0.0,1.0,1.0,0.0,0.0,0.0,0
0.90625,0.03370658784743932,0.20351301743262926,0.0,1.0,1.0,0.0,0.0,0.0,0
0.84375,0.03711703518444836,0.12250649918300957,0.0,1.0,1.0,0.0,0.0,0.0,0
0.84375,0.040527482521457395,0.11142787921948703,0.0,1.0,1.0,0.0,0.0,0.0,0
0.6875,0.04621156141647246,0.22720634189914188,0.0,1.0,1.0,0.0,0.0,0.0,0
0.90625,0.031432956289433295,0.06666317370630444,0.0,1.0,1.0,0.0,0.0,0.0,0
0.9375,0.016654351162394134,0.2508996663656545,0.0,1.0,1.0,0.0,0.0,0.0,0
0.84375,0.03970897516057523,0.1361774777175569,0.0,1.0,1.0,0.0,0.0,0.0,0
0.5,0.02006479849940317,0.34567296423170485,0.0,1.0,1.0,0.0,0.0,0.0,0
0.75,0.031432956289433295,0.05226702133949631,0.0,1.0,1.0,0.0,0.0,0.0,0
0.75,0.045074745637469445,0.009619037299773646,0.0,1.0,1.0,0.0,0.0,0.0,0
0.6875,0.01892798272040016,0.3219796397651922,0.0,1.0,1.0,0.0,0.0,0.0,0
0.875,0.025748877394418234,0.18801397311781218,0.0,1.0,1.0,0.0,0.0,0.0,0
0.8125,0.03370658784743932,0.1187410542712656,0.0,1.0,1.0,0.0,0.0,0.0,0
0.875,0.006423009151367021,0.03509661461654814,0.0,1.0,1.0,0.0,0.0,0.0,0
0.84375,0.054169271869493545,0.09409205856178199,0.0,1.0,1.0,0.0,0.0,0.0,0
0.8125,0.017791166941397145,0.13243304403309147,0.0,1.0,1.0,0.0,0.0,0.0,0
0.65625,0.05644290342749957,0.22720634189914188,0.0,1.0,1.0,0.0,0.0,0.0,0
0.75,0.06781106121752971,0.2508996663656545,0.0,1.0,1.0,0.0,0.0,0.0,0
0.9375,0.003012561814357983,0.03285187282197487,0.0,1.0,1.0,0.0,0.0,0.0,0
0.96875,0.0011936565679531632,0.027427838939269363,0.0,1.0,1.0,0.0,0.0,0.0,0
0.96875,0.004149377593360996,0.030387018473279733,0.0,1.0,1.0,0.0,0.0,0.0,0
0.96875,0.0009662934121525606,0.03902171136355238,0.0,1.0,1.0,0.0,0.0,0.0,0
0.96875,0.004263059171261297,0.03397111790888235,0.0,1.0,1.0,0.0,0.0,0.0,0
0.90625,0.024271016881714316,0.17933130261357613,0.0,1.0,1.0,0.0,0.0,0.0,0
0.875,0.018359574830898652,0.2536545970538891,0.0,1.0,0.0,1.0,0.0,0.0,1
0.84375,0.016654351162394134,0.06941387899428608,0.0,1.0,1.0,0.0,0.0,0.0,0
0.9375,0.02006479849940317,0.08330744133976435,0.0,1.0,1.0,0.0,0.0,0.0,0
0.96875,0.012107088046382082,0.07650243121136684,0.0,1.0,1.0,0.0,0.0,0.0,0
0.9375,0.006423009151367021,0.1357595418799969,0.0,1.0,1.0,0.0,0.0,0.0,0
0.9375,0.009492411754675153,0.0972010036852426,0.0,1.0,1.0,0.0,0.0,0.0,0
0.875,0.007559824930370033,0.21703297891499262,0.0,1.0,1.0,0.0,0.0,0.0,0
0.9375,0.03939066674245438,0.0743758655462426,0.0,1.0,1.0,0.0,0.0,0.0,0
0.90625,0.01892798272040016,0.09067953564552832,0.0,1.0,1.0,0.0,0.0,0.0,0
0.90625,0.019496390609901663,0.1020212191928575,0.0,1.0,1.0,0.0,0.0,0.0,0
0.84375,0.03711703518444836,0.10485664007968981,0.0,1.0,1.0,0.0,0.0,0.0,0
0.90625,0.01551753538339112,0.1754436968939886,0.0,1.0,1.0,0.0,0.0,0.0,0
0.90625,0.02915932473142727,0.10485664007968981,0.0,1.0,1.0,0.0,0.0,0.0,0
0.84375,0.005740919683965213,0.18641229874568196,0.0,1.0,1.0,0.0,0.0,0.0,0
0.9375,0.0060819644176661174,0.06941387899428608,0.0,1.0,1.0,0.0,0.0,0.0,0
0.78125,0.007446143352469732,0.12498812837619913,0.0,1.0,1.0,0.0,0.0,0.0,0
0.9375,0.006423009151367021,0.04269548986836635,0.0,1.0,1.0,0.0,0.0,0.0,0
0.84375,0.05246404820098902,0.1332108489480128,0.0,1.0,1.0,0.0,0.0,0.0,0
0.8125,0.01267549593588359,0.1904863508620252,0.0,1.0,1.0,0.0,0.0,0.0,0
0.71875,0.045074745637469445,0.20239511858672085,0.0,1.0,1.0,0.0,0.0,0.0,0
0.96875,0.001079974990052862,0.021883270970281508,0.0,1.0,1.0,0.0,0.0,0.0,0
0.9375,0.007559824930370033,0.02599649666466652,0.0,1.0,1.0,0.0,0.0,0.0,0
0.96875,0.003012561814357983,0.03348225223873885,0.0,1.0,1.0,0.0,0.0,0.0,0
0.96875,0.005286193372364008,0.02971798657863391,0.0,1.0,1.0,0.0,0.0,0.0,0
0.96875,0.012107088046382082,0.05743667007577034,0.0,1.0,1.0,0.0,0.0,0.0,0
0.90625,0.02006479849940317,0.035527141566290325,0.0,1.0,1.0,0.0,0.0,0.0,0
0.96875,0.003580969703859489,0.08769488208044168,0.0,1.0,1.0,0.0,0.0,0.0,0
0.9375,0.00017052236685045186,0.10085720430247373,0.0,1.0,1.0,0.0,0.0,0.0,0
0.96875,0.013016540669584492,0.08227828857343261,0.0,1.0,1.0,0.0,0.0,0.0,0
0.90625,0.005286193372364008,0.05063879474363979,0.0,1.0,1.0,0.0,0.0,0.0,0
0.875,0.026317285283919738,0.19098254951722085,0.0,1.0,1.0,0.0,0.0,0.0,0
0.84375,0.017791166941397145,0.07250329882968468,0.0,1.0,1.0,0.0,0.0,0.0,0
0.9375,0.016654351162394134,0.1292999235868648,0.0,1.0,1.0,0.0,0.0,0.0,0
0.90625,0.018473256408798953,0.15350649319060186,0.0,1.0,1.0,0.0,0.0,0.0,0
0.84375,0.035980219405445345,0.2083495024490687,0.0,1.0,1.0,0.0,0.0,0.0,0
0.9375,0.022338430057409195,0.10414778485798173,0.0,1.0,1.0,0.0,0.0,0.0,0
0.90625,0.03256977206843631,0.11903374451385129,0.0,1.0,1.0,0.0,0.0,0.0,0
0.9375,0.02802250895242426,0.11903374451385129,0.0,1.0,1.0,0.0,0.0,0.0,0
0.875,0.02802250895242426,0.1641427131680015,0.0,1.0,1.0,0.0,0.0,0.0,0
0.8125,0.021201614278406184,0.10800710773172569,0.0,1.0,1.0,0.0,0.0,0.0,0
0.875,0.016654351162394134,0.12546478172223205,0.0,1.0,1.0,0.0,0.0,0.0,0
0.90625,0.06553742965952368,0.1438436772736339,0.0,1.0,1.0,0.0,0.0,0.0,0
0.75,0.05075882453248451,0.18617892423819912,0.0,1.0,1.0,0.0,0.0,0.0,0
0.9375,0.026885693173421245,0.19061303988037304,0.0,1.0,1.0,0.0,0.0,0.0,0
0.78125,0.006423009151367021,0.16444853668430082,0.0,1.0,1.0,0.0,0.0,0.0,0
0.9375,0.03484340362644233,0.037837600936380944,0.0,1.0,1.0,0.0,0.0,0.0,0
0.8125,0.014380719604388107,0.20624441724520837,0.0,1.0,1.0,0.0,0.0,0.0,0
0.84375,0.05075882453248451,0.20624441724520837,0.0,1.0,1.0,0.0,0.0,0.0,0
0.875,0.008696640709373045,0.17993085219695407,0.0,1.0,1.0,0.0,0.0,0.0,0
0.96875,0.004490422327061899,0.024464118464797593,0.0,1.0,1.0,0.0,0.0,0.0,0
0.96875,0.016654351162394134,0.03200813421799846,0.0,1.0,1.0,0.0,0.0,0.0,0
0.90625,0.025748877394418234,0.17857758313732955,0.0,1.0,1.0,0.0,0.0,0.0,0
0.96875,0.009378730176774852,0.04625794175182231,0.0,1.0,1.0,0.0,0.0,0.0,0
0.96875,0.004149377593360996,0.0489821696627004,0.0,1.0,1.0,0.0,0.0,0.0,0
0.78125,0.026885693173421245,0.21931810430076204,0.0,1.0,1.0,0.0,0.0,0.0,0
0.875,0.025748877394418234,0.18967897677899498,0.0,1.0,1.0,0.0,0.0,0.0,0
0.8125,0.016085943272892627,0.22729526928381175,0.0,1.0,1.0,0.0,0.0,0.0,0
0.75,0.030296140510430284,0.21931810430076204,0.0,1.0,1.0,0.0,0.0,0.0,0
0.9375,0.01551753538339112,0.06941387899428608,0.0,1.0,1.0,0.0,0.0,0.0,0
0.9375,0.00017052236685045186,0.06941387899428608,0.0,1.0,1.0,0.0,0.0,0.0,0
0.9375,0.0007389302563519582,0.07572913460586711,0.0,1.0,1.0,0.0,0.0,0.0,0
0.875,0.04734837719547547,0.20063085670158076,0.0,1.0,1.0,0.0,0.0,0.0,0
0.84375,0.013243903825385095,0.1769462450928507,0.0,1.0,1.0,0.0,0.0,0.0,0
0.90625,0.01551753538339112,0.10800710773172569,0.0,1.0,1.0,0.0,0.0,0.0,0
0.8125,0.005854601261865515,0.21588215673276173,0.0,1.0,1.0,0.0,0.0,0.0,0
0.90625,0.00721878019666913,0.11362066827535326,0.0,1.0,1.0,0.0,0.0,0.0,0
0.875,0.015176490649690216,0.1562486436535252,0.0,1.0,1.0,0.0,0.0,0.0,0
0.96875,0.001079974990052862,0.08984558832587176,0.0,1.0,1.0,0.0,0.0,0.0,0
0.90625,0.043483203546865225,0.1967715338278368,0.0,1.0,1.0,0.0,0.0,0.0,0
0.78125,0.0848632979025749,0.21549930263956257,0.0,1.0,1.0,0.0,0.0,0.0,0
0.78125,0.03370658784743932,0.27781731417646,0.0,1.0,1.0,0.0,0.0,0.0,0
0.9375,0.026885693173421245,0.1608188944250641,0.0,1.0,1.0,0.0,0.0,0.0,0
0.875,0.021201614278406184,0.1362098518090854,0.0,1.0,1.0,0.0,0.0,0.0,0
0.75,0.24174387540499062,0.2936956711427209,0.0,1.0,1.0,0.0,0.0,0.0,0
0.8125,0.06781106121752971,0.17157242565221445,0.0,1.0,1.0,0.0,0.0,0.0,0
0.9375,0.05644290342749957,0.1562486436535252,0.0,1.0,1.0,0.0,0.0,0.0,0
0.84375,0.03370658784743932,0.20116317709795925,0.0,1.0,1.0,0.0,0.0,0.0,0
0.84375,0.02347524583641221,0.1773106929538513,0.0,1.0,1.0,0.0,0.0,0.0,0
0.6875,0.02915932473142727,0.27781731417646,0.0,1.0,0.0,1.0,0.0,0.0,1
0.6875,0.0017620644574546692,0.23709480385350648,0.0,1.0,1.0,0.0,0.0,0.0,0
0.75,0.02461206161541522,0.21636501918684461,0.0,1.0,1.0,0.0,0.0,0.0,0
0.84375,0.035980219405445345,0.2124358443153858,0.0,1.0,1.0,0.0,0.0,0.0,0
0.84375,0.02006479849940317,0.23394290676968651,0.0,1.0,1.0,0.0,0.0,0.0,0
0.59375,0.06212698232251463,0.27050491294199774,0.0,1.0,1.0,0.0,0.0,0.0,0
0.6875,0.06781106121752971,0.3056044388674165,0.0,1.0,1.0,0.0,0.0,0.0,0
0.8125,0.02802250895242426,0.27050491294199774,0.0,1.0,0.0,1.0,0.0,0.0,1
0.65625,0.05530608764849656,0.3056044388674165,0.0,1.0,0.0,1.0,0.0,0.0,1
0.84375,0.026885693173421245,0.2885046698268279,0.0,1.0,0.0,1.0,0.0,0.0,1
0.6875,0.05644290342749957,0.31082997184614786,0.0,1.0,1.0,0.0,0.0,0.0,0
0.90625,0.03939066674245438,0.18229907305129694,0.0,1.0,1.0,0.0,0.0,0.0,0
0.6875,0.5680100039788551,0.280489153089052,0.0,1.0,1.0,0.0,0.0,0.0,0
0.75,0.03711703518444836,0.2859899979090943,0.0,1.0,1.0,0.0,0.0,0.0,0
0.78125,0.03939066674245438,0.30706691911430894,0.0,1.0,0.0,1.0,0.0,0.0,1
0.65625,0.05985335076450861,0.33051703341792926,0.0,1.0,1.0,0.0,0.0,0.0,0
0.625,0.10445404422213381,0.3611786882493296,0.0,1.0,1.0,0.0,0.0,0.0,0
